time_s,y_px,y_mm
0.0,39.64843567666935,3.9648435676669354
0.006452493816982687,39.520459947972995,3.9520459947972997
0.012904987633965375,39.25161044618471,3.9251610446184717
0.019357481450948063,39.135091766305095,3.9135091766305097
0.02580997526793075,39.147193150115754,3.9147193150115758
0.03226246908491344,38.9520940753639,3.8952094075363903
0.038714962901896126,38.945930988937334,3.8945930988937336
0.04516745671887881,38.78875568212061,3.8788755682120613
0.0516199505358615,38.67405835477712,3.8674058354777117
0.058072444352844185,38.090414325973825,3.8090414325973825
0.06452493816982688,38.12100999974359,3.8121009999743594
0.07097743198680956,38.00062428541355,3.8000624285413553
0.07742992580379225,37.866241837880125,3.7866241837880126
0.08388241962077493,37.843320860365566,3.7843320860365566
0.09033491343775762,38.195081296345734,3.8195081296345736
0.0967874072547403,37.55712604837004,3.755712604837004
0.103239901071723,37.243943943853765,3.7243943943853766
0.10969239488870569,37.027200032660176,3.702720003266018
0.11614488870568837,37.013576581161715,3.7013576581161716
0.12259738252267106,36.92691483049316,3.692691483049316
0.12904987633965376,36.14061810744988,3.6140618107449884
0.13550237015663644,35.2188186562214,3.5218818656221402
0.14195486397361912,35.65513978604008,3.565513978604008
0.1484073577906018,36.223604172211935,3.6223604172211936
0.1548598516075845,36.82808360889317,3.6828083608893167
0.16131234542456718,39.236858053953256,3.923685805395326
0.16776483924154986,36.465444311279725,3.646544431127973
0.17421733305853257,36.63816877656927,3.6638168776569273
0.18066982687551525,36.853564111071364,3.6853564111071364
0.18712232069249793,37.44544822715034,3.7445448227150337
0.1935748145094806,37.47540464361214,3.747540464361214
0.20002730832646332,37.23648791558071,3.7236487915580714
0.206479802143446,40.13495399694307,4.013495399694307
0.21293229596042867,37.04911555699914,3.704911555699914
0.21938478977741138,36.42712219246482,3.6427122192464823
0.22583728359439406,36.04513071651877,3.604513071651877
0.23228977741137674,35.85554977674997,3.585554977674997
0.23874227122835942,35.220248810803696,3.5220248810803696
0.24519476504534213,37.27902887694677,3.727902887694677
0.2516472588623248,37.26227683490788,3.726227683490788
0.2580997526793075,32.90517779843822,3.290517779843822
0.26455224649629017,31.956245114356307,3.1956245114356308
0.2710047403132729,30.81095742224261,3.081095742224261
0.2774572341302556,29.728082916587255,2.9728082916587257
0.28390972794723823,29.208599890542928,2.920859989054293
0.29036222176422094,29.2019701880929,2.92019701880929
0.2968147155812036,29.02371042909749,2.902371042909749
0.3032672093981863,29.311294387304997,2.9311294387305
0.309719703215169,29.562833604538582,2.9562833604538583
0.31617219703215166,28.76973924267577,2.876973924267577
0.32262469084913437,29.270553544565928,2.927055354456593
0.3290771846661171,29.359345026535266,2.935934502653527
0.3355296784830997,29.054073858594393,2.9054073858594394
0.34198217230008243,29.224507712565128,2.922450771256513
0.34843466611706514,29.36845931014591,2.936845931014591
0.3548871599340478,32.97289800135741,3.297289800135741
0.3613396537510305,32.78197347984019,3.278197347984019
0.3677921475680132,29.811084172171377,2.981108417217138
0.37424464138499586,28.8915958723087,2.88915958723087
0.38069713520197856,28.163080855084672,2.8163080855084672
0.3871496290189612,27.072594063878114,2.7072594063878115
0.3936021228359439,26.291646418058008,2.629164641805801
0.40005461665292663,25.251164614392337,2.525116461439234
0.4065071104699093,24.91879131001474,2.491879131001474
0.412959604286892,25.259823542530967,2.525982354253097
0.4194120981038747,27.598856753174005,2.759885675317401
0.42586459192085735,27.239402899525203,2.7239402899525205
0.43231708573784006,28.079641688733318,2.807964168873332
0.43876957955482276,27.802168121467957,2.780216812146796
0.4452220733718054,27.154096535657118,2.715409653565712
0.4516745671887881,23.91149243337736,2.391149243337736
0.45812706100577083,23.400871820985003,2.3400871820985003
0.4645795548227535,22.266764312566238,2.226676431256624
0.4710320486397362,23.81256819813484,2.3812568198134842
0.47748454245671884,20.040907705773634,2.0040907705773634
0.48393703627370155,18.784876638807646,1.8784876638807646
0.49038953009068426,18.18257366983289,1.818257366983289
0.4968420239076669,20.04234699927656,2.004234699927656
0.5032945177246496,20.03935611203383,2.003935611203383
0.5097470115416323,16.700246525751027,1.6700246525751028
0.516199505358615,16.787327012459855,1.6787327012459856
0.5226519991755977,16.72121785651302,1.6721217856513022
0.5291044929925803,16.88030647265964,1.688030647265964
0.5355569868095631,17.129781057467653,1.7129781057467655
0.5420094806265457,19.58051278517837,1.9580512785178372
0.5484619744435284,20.407800784143774,2.0407800784143775
0.5549144682605112,20.398499351367946,2.0398499351367945
0.5613669620774938,20.863594400484317,2.0863594400484318
0.5678194558944765,21.922146801069857,2.1922146801069857
0.5742719497114592,22.601263148074622,2.2601263148074624
0.5807244435284419,21.667452979912014,2.1667452979912016
0.5871769373454245,25.634859426763114,2.5634859426763117
0.5936294311624072,23.89699227907863,2.389699227907863
0.60008192497939,24.46516379024456,2.446516379024456
0.6065344187963726,24.963098641747138,2.496309864174714
0.6129869126133553,25.952328658951274,2.5952328658951274
0.619439406430338,26.246375434850734,2.6246375434850737
0.6258919002473207,30.21686659189504,3.021686659189504
0.6323443940643033,31.179116444276815,3.1179116444276818
0.6387968878812861,28.85443274419299,2.8854432744192993
0.6452493816982687,32.8993969110486,3.28993969110486
0.6517018755152514,33.069889130912316,3.3069889130912316
0.6581543693322341,34.392508641425366,3.4392508641425366
0.6646068631492168,35.02491092537957,3.5024910925379573
0.6710593569661994,35.81370007589999,3.581370007589999
0.6775118507831822,35.37552820526162,3.537552820526162
0.6839643446001649,38.96875210997882,3.8968752109978824
0.6904168384171475,41.46784155710907,4.146784155710907
0.6968693322341303,39.373649101588626,3.9373649101588626
0.7033218260511129,43.50838305685352,4.350838305685352
0.7097743198680956,45.24744318896387,4.524744318896388
0.7162268136850783,43.059391950662985,4.305939195066299
0.722679307502061,42.379770505218175,4.237977050521818
0.7291318013190436,41.91152977512138,4.1911529775121386
0.7355842951360264,40.70567636224246,4.070567636224246
0.7420367889530091,38.975371457533356,3.897537145753336
0.7484892827699917,39.929053314143175,3.9929053314143177
0.7549417765869745,39.29605935827158,3.929605935827158
0.7613942704039571,37.42286833325829,3.7422868333258297
0.7678467642209398,33.15189894410628,3.315189894410628
0.7742992580379224,34.53285115285553,3.453285115285553
0.7807517518549052,30.2791424568195,3.0279142456819503
0.7872042456718878,29.830303194760063,2.9830303194760064
0.7936567394888705,28.505523249263206,2.850552324926321
0.8001092333058533,29.844603914792742,2.984460391479274
0.8065617271228359,25.314497025421133,2.5314497025421137
0.8130142209398186,23.75802908548235,2.375802908548235
0.8194667147568013,25.87108212296357,2.587108212296357
0.825919208573784,24.042450970543314,2.4042450970543316
0.8323717023907666,22.931948276949015,2.2931948276949017
0.8388241962077494,19.299245348368004,1.9299245348368004
0.845276690024732,18.110464835088806,1.8110464835088806
0.8517291838417147,20.214901714669622,2.0214901714669624
0.8581816776586975,19.70504284288586,1.970504284288586
0.8646341714756801,18.76259706263818,1.876259706263818
0.8710866652926628,17.391305256967144,1.7391305256967144
0.8775391591096455,13.884273980066382,1.3884273980066384
0.8839916529266282,11.573868684492709,1.157386868449271
0.8904441467436108,14.011033259504302,1.4011033259504302
0.8968966405605936,10.517898914663647,1.0517898914663648
0.9033491343775762,9.563870208821982,0.9563870208821982
0.9098016281945589,9.833127945050364,0.9833127945050365
0.9162541220115417,9.965992916673713,0.9965992916673714
0.9227066158285243,13.054853095611634,1.3054853095611634
0.929159109645507,11.151826532575342,1.1151826532575342
0.9356116034624896,11.269871458468288,1.1269871458468288
0.9420640972794724,12.547938362128889,1.254793836212889
0.948516591096455,13.330364054582105,1.3330364054582107
0.9549690849134377,13.888961813643391,1.3888961813643392
0.9614215787304204,18.386252676181584,1.8386252676181585
0.9678740725474031,18.824756520809842,1.8824756520809842
0.9743265663643857,19.874330037072696,1.9874330037072696
0.9807790601813685,18.880302884026833,1.8880302884026834
0.9872315539983512,19.333425150075755,1.9333425150075756
0.9936840478153338,19.828160227128365,1.9828160227128366
1.0001365416323165,20.88414985919485,2.088414985919485
1.0065890354492992,24.791390558104695,2.4791390558104696
1.013041529266282,24.641632421373743,2.4641632421373743
1.0194940230832645,21.12024064029697,2.112024064029697
1.0259465169002473,20.979768814813497,2.0979768814813498
1.03239901071723,24.17737462146124,2.4177374621461243
1.0388515045342126,23.880058833300836,2.388005883330084
1.0453039983511954,23.035750611373942,2.303575061137394
1.0517564921681781,22.137531434977745,2.2137531434977746
1.0582089859851607,22.10297786091064,2.2102977860910644
1.0646614798021434,18.255247024887694,1.8255247024887695
1.0711139736191262,18.132092526229144,1.8132092526229144
1.0775664674361087,18.184929857468887,1.8184929857468888
1.0840189612530915,21.804449121151265,2.1804449121151266
1.0904714550700743,19.390266207605464,1.9390266207605464
1.0969239488870568,20.869096970366627,2.086909697036663
1.1033764427040396,21.499177425510425,2.1499177425510427
1.1098289365210223,26.07538618077365,2.607538618077365
1.1162814303380049,26.519402953628287,2.651940295362829
1.1227339241549876,27.256937788518144,2.7256937788518147
1.1291864179719704,28.81047278222036,2.881047278222036
1.135638911788953,29.542275347339228,2.954227534733923
1.1420914056059357,27.435169110936613,2.7435169110936615
1.1485438994229185,30.874584532286008,3.087458453228601
1.154996393239901,28.483672739312397,2.84836727393124
1.1614488870568838,29.39366229435541,2.939366229435541
1.1679013808738665,29.691089070114913,2.9691089070114915
1.174353874690849,30.47174275038128,3.0471742750381283
1.1808063685078318,31.35057576346685,3.1350575763466852
1.1872588623248144,32.914394781503916,3.2914394781503917
1.1937113561417971,33.93661432549129,3.393661432549129
1.20016384995878,38.482937972425816,3.8482937972425817
1.2066163437757624,38.89706024210864,3.889706024210864
1.2130688375927452,40.55380513545447,4.055380513545447
1.219521331409728,41.34804859841802,4.134804859841802
1.2259738252267105,41.63871725707918,4.163871725707918
1.2324263190436933,39.01662618461387,3.901662618461387
1.238878812860676,41.7989701320289,4.17989701320289
1.2453313066776586,38.30497879962081,3.8304978799620812
1.2517838004946413,41.26862184029301,4.126862184029301
1.258236294311624,40.15522198732765,4.015522198732765
1.2646887881286066,40.36898839604737,4.036898839604738
1.2711412819455894,39.66365705667749,3.9663657056677497
1.2775937757625722,39.421478851517804,3.9421478851517806
1.2840462695795547,39.00538887676362,3.900538887676362
1.2904987633965375,37.98305430109167,3.798305430109167
1.2969512572135202,37.82498783399865,3.782498783399865
1.3034037510305028,37.81509772734239,3.781509772734239
1.3098562448474855,37.455912194158145,3.7455912194158145
1.3163087386644683,33.15125930078966,3.3151259300789664
1.3227612324814508,36.17921944565114,3.6179219445651145
1.3292137262984336,35.855744194895806,3.5855744194895807
1.3356662201154164,32.94032507114753,3.294032507114753
1.342118713932399,32.75724162933807,3.275724162933807
1.3485712077493817,32.12879680971446,3.212879680971446
1.3550237015663644,32.375988171818335,3.2375988171818335
1.361476195383347,32.03581645544341,3.2035816455443413
1.3679286892003297,31.965018447424427,3.1965018447424427
1.3743811830173125,31.59890733863608,3.1598907338636084
1.380833676834295,33.724849438668116,3.372484943866812
1.3872861706512778,30.329133055510965,3.0329133055510966
1.3937386644682606,29.223137095557604,2.9223137095557608
1.400191158285243,31.65053804086847,3.1650538040868472
1.4066436521022259,27.50301150480891,2.750301150480891
1.4130961459192086,29.179358334913104,2.9179358334913106
1.4195486397361912,25.482254712855138,2.548225471285514
1.426001133553174,23.188314434780523,2.3188314434780524
1.4324536273701567,24.95155501258364,2.495155501258364
1.4389061211871392,21.077808101987785,2.1077808101987787
1.445358615004122,19.39998844638353,1.9399988446383531
1.4518111088211048,21.141309165582697,2.11413091655827
1.4582636026380873,20.545536249428324,2.0545536249428324
1.46471609645507,16.21011797415099,1.621011797415099
1.4711685902720528,15.960655739901085,1.5960655739901086
1.4776210840890354,18.789382704896752,1.8789382704896753
1.4840735779060181,18.967190254048546,1.8967190254048547
1.490526071723001,15.129757186957477,1.5129757186957478
1.4969785655399834,15.038440406400014,1.5038440406400015
1.5034310593569662,14.828091945009191,1.4828091945009192
1.509883553173949,14.66739034904208,1.466739034904208
1.5163360469909315,13.758958104262092,1.3758958104262093
1.5227885408079143,13.750100076716308,1.375010007671631
1.5292410346248968,13.681502100012722,1.3681502100012723
1.5356935284418796,14.436554942216162,1.4436554942216162
1.5421460222588623,14.658502499849419,1.465850249984942
1.5485985160758449,15.33660497886649,1.533660497886649
1.5550510098928276,16.58893554801398,1.6588935548013979
1.5615035037098104,16.952512649064374,1.6952512649064375
1.567955997526793,17.634195978755315,1.7634195978755316
1.5744084913437757,17.235608464335428,1.7235608464335428
1.5808609851607585,17.110926048303327,1.7110926048303328
1.587313478977741,17.090735046953114,1.7090735046953114
1.5937659727947238,16.911341108491342,1.6911341108491342
1.6002184666117065,16.945205704491173,1.6945205704491173
1.606670960428689,15.979469473384825,1.5979469473384826
1.6131234542456718,15.371284714593457,1.5371284714593458
1.6195759480626546,15.201853991067765,1.5201853991067766
1.6260284418796371,14.7869418850089,1.4786941885008902
1.63248093569662,14.483673613243354,1.4483673613243355
1.6389334295136027,13.758933267409702,1.3758933267409703
1.6453859233305852,13.913754842514436,1.3913754842514436
1.651838417147568,12.855478652744978,1.2855478652744978
1.6582909109645507,15.52526242969111,1.5525262429691111
1.6647434047815333,11.471724086937911,1.1471724086937911
1.671195898598516,14.649219058984954,1.4649219058984955
1.6776483924154988,14.800279023154417,1.4800279023154417
1.6841008862324813,10.631078002468712,1.0631078002468712
1.690553380049464,13.541985532294802,1.3541985532294802
1.6970058738664469,5.918254728468355,0.5918254728468355
1.7034583676834294,19.428692547765195,1.9428692547765196
1.7099108615004122,8.384000574071024,0.8384000574071024
1.716363355317395,17.20864587854453,1.720864587854453
1.7228158491343775,2.6946563582203,0.26946563582203
1.7292683429513602,18.624233442341392,1.8624233442341394
1.735720836768343,0.6424847656282964,0.06424847656282964
1.7421733305853255,14.154105550738905,1.4154105550738905
1.7486258244023083,-0.17783879362377775,-0.017783879362377776
1.755078318219291,11.327868374011587,1.1327868374011587
1.7615308120362736,13.059952960823694,1.3059952960823695
1.7679833058532564,11.47126513132639,1.1471265131326391
1.7744357996702391,11.670125972767664,1.1670125972767664
1.7808882934872217,15.392383965942827,1.5392383965942829
1.7873407873042044,12.058028470518138,1.2058028470518138
1.7937932811211872,1.1775131095246252,0.11775131095246252
1.8002457749381697,12.18889513894328,1.218889513894328
1.8066982687551525,0.9223212557933493,0.09223212557933494
1.8131507625721353,10.608756755696731,1.060875675569673
1.8196032563891178,0.8573489432230872,0.08573489432230873
1.8260557502061006,8.922828368301452,0.8922828368301453
1.8325082440230833,-0.0937991500516091,-0.00937991500516091
1.8389607378400659,5.964121567928714,0.5964121567928714
1.8454132316570486,12.054309377199843,1.2054309377199843
1.8518657254740314,4.8388434299472465,0.48388434299472466
1.858318219291014,11.838678902627407,1.1838678902627409
1.8647707131079967,9.817178177500637,0.9817178177500637
1.8712232069249792,9.3801550550113,0.9380155055011301
1.877675700741962,8.491852792313011,0.8491852792313012
1.8841281945589448,6.93615244727539,0.693615244727539
1.8905806883759273,8.974938928619167,0.8974938928619167
1.89703318219291,10.277299876605184,1.0277299876605184
1.9034856760098928,10.999924167256495,1.0999924167256496
1.9099381698268754,9.228520200427965,0.9228520200427965
1.9163906636438581,8.565605073745019,0.856560507374502
1.922843157460841,12.814170567257179,1.281417056725718
1.9292956512778234,10.229430667810675,1.0229430667810675
1.9357481450948062,11.532982925810984,1.1532982925810984
1.942200638911789,15.795950390700227,1.5795950390700229
1.9486531327287715,11.931353046002414,1.1931353046002415
1.9551056265457543,14.256070938074117,1.425607093807412
1.961558120362737,14.288801103185733,1.4288801103185733
1.9680106141797196,13.713668379660476,1.3713668379660477
1.9744631079967023,15.408613111226941,1.5408613111226943
1.980915601813685,14.997497814121061,1.4997497814121061
1.9873680956306676,14.685702503851417,1.4685702503851417
1.9938205894476504,13.55506452890927,1.355506452890927
2.000273083264633,19.815793986624612,1.9815793986624612
2.0067255770816157,13.680981804065823,1.3680981804065824
2.0131780708985985,15.014198060519675,1.5014198060519677
2.0196305647155812,17.10637028317251,1.710637028317251
2.026083058532564,21.07724158865858,2.107724158865858
2.0325355523495463,20.971979415878877,2.0971979415878876
2.038988046166529,21.477682936811334,2.1477682936811333
2.045440539983512,21.3054905766337,2.1305490576633703
2.0518930338004946,19.6845351472914,1.96845351472914
2.0583455276174774,19.437533573487144,1.9437533573487145
2.06479802143446,19.989248506606373,1.9989248506606374
2.0712505152514424,22.787967553065073,2.2787967553065074
2.077703009068425,21.65831738384759,2.165831738384759
2.084155502885408,21.063569438887953,2.1063569438887955
2.0906079967023907,13.991131307483101,1.3991131307483102
2.0970604905193735,16.150772087451287,1.6150772087451288
2.1035129843363563,12.102449592559651,1.2102449592559652
2.1099654781533386,11.817574129774812,1.1817574129774813
2.1164179719703213,10.88589517575906,1.0885895175759062
2.122870465787304,10.363524591901978,1.0363524591901978
2.129322959604287,10.135643194289287,1.0135643194289288
2.1357754534212696,9.320378006937744,0.9320378006937745
2.1422279472382524,12.106005578599934,1.2106005578599934
2.1486804410552347,12.042082109809826,1.2042082109809826
2.1551329348722175,8.09220401989819,0.809220401989819
2.1615854286892002,7.560125591357291,0.7560125591357292
2.168037922506183,9.588912895555268,0.9588912895555268
2.1744904163231658,6.244212793939596,0.6244212793939596
2.1809429101401485,5.671965342181238,0.5671965342181239
2.187395403957131,5.110916776466411,0.5110916776466411
2.1938478977741136,5.570769760831581,0.5570769760831581
2.2003003915910964,4.651295042761149,0.4651295042761149
2.206752885408079,4.619754142892361,0.46197541428923616
2.213205379225062,4.696531338652903,0.46965313386529034
2.2196578730420446,4.740636768893864,0.47406367688938644
2.226110366859027,4.778486656520045,0.47784866565200446
2.2325628606760097,5.045597491585568,0.5045597491585568
2.2390153544929925,5.188893971719381,0.518889397171938
2.2454678483099753,5.302513618045168,0.5302513618045168
2.251920342126958,5.934930733644023,0.5934930733644024
2.258372835943941,5.3730931700577,0.53730931700577
2.264825329760923,6.2609294291862625,0.6260929429186263
2.271277823577906,6.004221938087085,0.6004221938087085
2.2777303173948886,5.980340187701813,0.5980340187701814
2.2841828112118714,5.166050867825334,0.5166050867825334
2.290635305028854,5.0175427205833785,0.5017542720583379
2.297087798845837,4.6492011964007816,0.4649201196400782
2.3035402926628192,4.233834826278098,0.42338348262780984
2.309992786479802,3.9749975806673774,0.39749975806673776
2.3164452802967848,2.7255058433427166,0.27255058433427165
2.3228977741137675,5.70458185493203,0.570458185493203
2.3293502679307503,1.9374869351938742,0.19374869351938742
2.335802761747733,1.1091462704969217,0.11091462704969218
2.3422552555647154,0.8677324936161313,0.08677324936161313
2.348707749381698,0.7940488403908148,0.07940488403908148
2.355160243198681,0.7254135903669976,0.07254135903669977
2.3616127370156637,0.8788578315850373,0.08788578315850373
2.3680652308326464,1.0929957945445494,0.10929957945445495
2.3745177246496287,0.9299073673062139,0.0929907367306214
2.3809702184666115,0.9336220564853193,0.09336220564853193
2.3874227122835943,0.8984624349693604,0.08984624349693604
2.393875206100577,1.025690645538134,0.10256906455381341
2.40032769991756,1.084673755376798,0.10846737553767981
2.4067801937345426,2.0815149716145243,0.20815149716145243
2.413232687551525,2.5416010069700405,0.25416010069700407
2.4196851813685076,2.7755779577196336,0.2775577957719634
2.4261376751854904,3.985735579600714,0.39857355796007143
2.432590169002473,4.1715869472859595,0.41715869472859596
2.439042662819456,5.2450034749583665,0.5245003474958366
2.4454951566364387,5.562623203280509,0.5562623203280509
2.451947650453421,5.542990105416493,0.5542990105416493
2.4584001442704038,5.427282869252622,0.5427282869252622
2.4648526380873865,5.119109292247913,0.5119109292247913
2.4713051319043693,4.581670953905586,0.45816709539055867
2.477757625721352,3.824175642047294,0.3824175642047294
2.484210119538335,2.8376500372485225,0.28376500372485225
2.490662613355317,2.543404031297996,0.2543404031297996
2.4971151071723,2.406812396916621,0.2406812396916621
2.5035676009892827,1.6078074451290831,0.16078074451290833
2.5100200948062654,4.173675856723776,0.4173675856723776
2.516472588623248,3.8181491772791105,0.3818149177279111
2.522925082440231,0.7620902446767559,0.07620902446767559
2.5293775762572133,0.24572349987033704,0.024572349987033705
2.535830070074196,0.08973086842092926,0.008973086842092927
2.542282563891179,-0.0031658337882163323,-0.00031658337882163324
2.5487350577081616,0.22054059748347754,0.022054059748347756
2.5551875515251443,0.8779976072521549,0.0877997607252155
2.561640045342127,1.055825122516353,0.10558251225163531
2.5680925391591094,1.5932580485075505,0.15932580485075507
2.574545032976092,2.3031903281755604,0.23031903281755606
2.580997526793075,-1.9643763954979931,-0.19643763954979931
2.5874500206100577,-5.40678798830254,-0.540678798830254
2.5939025144270405,-5.080170981663969,-0.5080170981663968
2.600355008244023,0.7114279922870992,0.07114279922870992
2.6068075020610055,8.984855827303136,0.8984855827303136
2.6132599958779883,12.139045924963057,1.2139045924963057
2.619712489694971,14.098498302887037,1.409849830288704
2.626164983511954,15.139612914509826,1.5139612914509826
2.6326174773289366,10.898924429384124,1.0898924429384125
2.6390699711459193,2.541282816440571,0.2541282816440571
2.6455224649629017,0.0925067595960627,0.00925067595960627
2.6519749587798844,-1.8869139232135694,-0.18869139232135695
2.658427452596867,-3.158139011762387,-0.3158139011762387
2.66487994641385,-2.921211476272447,-0.29212114762724467
2.6713324402308327,1.7761289746451894,0.17761289746451894
2.6777849340478155,1.8270101010232338,0.1827010101023234
2.684237427864798,6.381049729985307,0.6381049729985308
2.6906899216817806,10.178111851228095,1.0178111851228095
2.6971424154987633,12.591650712400906,1.2591650712400906
2.703594909315746,14.921354349311514,1.4921354349311515
2.710047403132729,14.53912401023672,1.453912401023672
2.716499896949711,8.142585331532473,0.8142585331532474
2.722952390766694,7.146754497430948,0.7146754497430948
2.7294048845836767,-0.5199586507230833,-0.051995865072308335
2.7358573784006595,-2.100666720701838,-0.2100666720701838
2.742309872217642,-0.8606134091799049,-0.0860613409179905
2.748762366034625,6.309587681681705,0.6309587681681705
2.7552148598516073,12.710090241676198,1.27100902416762
2.76166735366859,12.91748894837815,1.291748894837815
2.768119847485573,16.25549441424664,1.6255494414246643
2.7745723413025556,13.403948166732789,1.340394816673279
2.7810248351195384,5.735931032130111,0.5735931032130112
2.787477328936521,-0.20104006716996992,-0.020104006716996994
2.7939298227535034,-3.4181995022815954,-0.3418199502281596
2.800382316570486,-2.209739340005626,-0.22097393400056264
2.806834810387469,0.8043283722979595,0.08043283722979595
2.8132873042044517,8.082637743104442,0.8082637743104443
2.8197397980214345,9.848076445097604,0.9848076445097604
2.8261922918384172,13.842074528735111,1.384207452873511
2.8326447856553996,6.865126055356768,0.6865126055356768
2.8390972794723823,1.654983946103357,0.16549839461033572
2.845549773289365,-5.381433368885837,-0.5381433368885837
2.852002267106348,-8.857728769555933,-0.8857728769555934
2.8584547609233306,-8.919708004870927,-0.8919708004870928
2.8649072547403134,-3.4128757483952086,-0.3412875748395209
2.8713597485572957,4.247247235550958,0.42472472355509583
2.8778122423742785,7.043631256320623,0.7043631256320624
2.8842647361912612,8.961152691717189,0.8961152691717189
2.890717230008244,6.31040553099956,0.6310405530999561
2.8971697238252268,1.8899114942357755,0.18899114942357756
2.9036222176422095,-4.066663112659853,-0.40666631126598535
2.910074711459192,-7.395225710650493,-0.7395225710650494
2.9165272052761746,-7.839277431124856,-0.7839277431124856
2.9229796990931574,-3.158657003257531,-0.3158657003257531
2.92943219291014,0.602657236041523,0.060265723604152305
2.935884686727123,6.380963866383581,0.6380963866383582
2.9423371805441056,11.626684496596454,1.1626684496596453
2.948789674361088,8.224372292015005,0.8224372292015005
2.9552421681780707,3.0223348054148573,0.30223348054148574
2.9616946619950535,-2.258307662187235,-0.22583076621872353
2.9681471558120363,-3.8506308628927854,-0.38506308628927854
2.974599649629019,-3.545102115387408,-0.35451021153874085
2.981052143446002,1.9228577687406414,0.19228577687406415
2.987504637262984,6.275537738609501,0.6275537738609501
2.993957131079967,12.213489285693186,1.2213489285693186
3.0004096248969496,15.959885157113604,1.5959885157113605
3.0068621187139324,12.736315665075153,1.2736315665075155
3.013314612530915,8.729053817339036,0.8729053817339036
3.019767106347898,-0.5502122884381606,-0.055021228843816064
3.0262196001648802,-2.3172477073892424,-0.23172477073892425
3.032672093981863,-2.754594464651973,-0.2754594464651973
3.0391245877988458,2.1403375554066315,0.21403375554066317
3.0455770816158285,6.614742554321992,0.6614742554321993
3.0520295754328113,13.222168270156999,1.3222168270157
3.0584820692497936,17.687189871688815,1.7687189871688815
3.0649345630667764,14.651202273246327,1.4651202273246327
3.071387056883759,11.286742768907288,1.128674276890729
3.077839550700742,2.1511583905969474,0.21511583905969475
3.0842920445177247,-0.21686574367981848,-0.02168657436798185
3.0907445383347074,-0.9720162232965777,-0.09720162232965777
3.0971970321516897,3.839531235167442,0.3839531235167442
3.1036495259686725,7.7537422930347475,0.7753742293034748
3.1101020197856553,13.193978649216433,1.3193978649216433
3.116554513602638,14.320117101411597,1.4320117101411598
3.123007007419621,13.628431396640053,1.3628431396640055
3.1294595012366035,6.568688640712935,0.6568688640712935
3.135911995053586,5.595897895902908,0.5595897895902908
3.1423644888705686,-0.47127658822910234,-0.047127658822910236
3.1488169826875514,-2.8200035896923055,-0.28200035896923054
3.155269476504534,-3.620916283221959,-0.36209162832219594
3.161721970321517,-3.88269531543051,-0.38826953154305105
3.1681744641384997,-2.6798289086120803,-0.267982890861208
3.174626957955482,3.725363389314907,0.37253633893149074
3.1810794517724648,5.4095838618802645,0.5409583861880265
3.1875319455894475,11.928186380638408,1.1928186380638408
3.1939844394064303,11.371111554080926,1.1371111554080926
3.200436933223413,13.167050690567748,1.316705069056775
3.206889427040396,13.194526668585922,1.3194526668585924
3.213341920857378,12.869607243314476,1.2869607243314478
3.219794414674361,13.495764401263614,1.3495764401263615
3.2262469084913437,5.107919223633644,0.5107919223633645
3.2326994023083264,-2.126571389844912,-0.21265713898449123
3.239151896125309,-3.594195885128329,-0.3594195885128329
3.245604389942292,-2.1228829272306484,-0.21228829272306485
3.2520568837592743,4.991233830447754,0.49912338304477544
3.258509377576257,8.604583993053211,0.8604583993053212
3.26496187139324,12.569091709370696,1.2569091709370697
3.2714143652102226,12.536794347071009,1.253679434707101
3.2778668590272053,12.440263213026128,1.2440263213026128
3.284319352844188,1.614667679976037,0.16146676799760373
3.2907718466611704,-4.464535447179287,-0.44645354471792875
3.297224340478153,9.999937073929459,0.9999937073929459
3.303676834295136,15.135252786254341,1.5135252786254343
3.3101293281121187,-1.5490286954945987,-0.15490286954945987
3.3165818219291014,7.711287322808175,0.7711287322808176
3.323034315746084,13.342101034583948,1.3342101034583949
3.3294868095630665,9.600113468887002,0.9600113468887003
3.3359393033800493,-0.9130029617274431,-0.09130029617274432
3.342391797197032,10.757568695510372,1.0757568695510373
3.348844291014015,12.802727158230255,1.2802727158230256
3.3552967848309976,-2.270232121655681,-0.22702321216556812
3.3617492786479803,1.0592730921198381,0.10592730921198382
3.3682017724649627,15.24248757867531,1.524248757867531
3.3746542662819454,2.440561573845798,0.24405615738457984
3.381106760098928,-3.0882786189397393,-0.30882786189397393
3.387559253915911,16.355242196663085,1.6355242196663085
3.3940117477328937,5.82836539769437,0.582836539769437
3.400464241549876,-3.373861514306327,-0.3373861514306327
3.406916735366859,14.102086837937122,1.4102086837937122
3.4133692291838416,14.969183454886434,1.4969183454886434
3.4198217230008243,-2.227876827940918,-0.22278768279409178
3.426274216817807,11.039063868694711,1.1039063868694712
3.43272671063479,14.879466200321076,1.4879466200321076
3.439179204451772,-2.440435420579206,-0.24404354205792061
3.445631698268755,4.055940488983879,0.4055940488983879
3.4520841920857377,13.507845991116938,1.3507845991116938
3.4585366859027205,0.4488051812497815,0.044880518124978154
3.464989179719703,3.548393962615364,0.35483939626153643
3.471441673536686,13.329855023692517,1.3329855023692518
3.4778941673536683,1.679278241403381,0.1679278241403381
3.484346661170651,8.346221325195302,0.8346221325195302
3.490799154987634,15.068545165792102,1.5068545165792102
3.4972516488046166,-0.21871134756634092,-0.021871134756634093
3.5037041426215993,7.611155805252338,0.7611155805252339
3.510156636438582,12.31740867913254,1.2317408679132542
3.5166091302555644,-2.3188914389959336,-0.23188914389959336
3.523061624072547,9.901742736586812,0.9901742736586812
3.52951411788953,11.489709933454833,1.1489709933454832
3.5359666117065127,-8.85401852114137,-0.885401852114137
3.5424191055234955,11.366471767238636,1.1366471767238637
3.5488715993404782,11.381734755014577,1.1381734755014576
3.5553240931574606,-6.23428812114048,-0.6234288121140481
3.5617765869744433,10.920994923898206,1.0920994923898206
3.568229080791426,6.340129730914214,0.6340129730914215
3.574681574608409,-6.382089752242564,-0.6382089752242565
3.5811340684253916,10.041360679904528,1.004136067990453
3.5875865622423744,-1.6584691551545347,-0.1658469155154535
3.5940390560593567,4.956749305257517,0.49567493052575173
3.6004915498763395,13.911532461272827,1.3911532461272829
3.606944043693322,-7.219417298857934,-0.7219417298857934
3.613396537510305,12.720901397879516,1.2720901397879516
3.6198490313272877,8.311859769331022,0.8311859769331023
3.6263015251442705,-3.7744541715276227,-0.3774454171527623
3.632754018961253,11.492309259686408,1.1492309259686408
3.6392065127782356,-2.649574638438253,-0.2649574638438253
3.6456590065952184,7.883658062705763,0.7883658062705763
3.652111500412201,-0.8838005621137199,-0.088380056211372
3.658563994229184,-10.471396333678285,-1.0471396333678287
3.6650164880461666,3.423841241698483,0.3423841241698483
3.671468981863149,10.383733615297615,1.0383733615297615
3.6779214756801317,-2.4229845586851297,-0.24229845586851298
3.6843739694971145,-10.544768314246767,-1.0544768314246766
3.6908264633140972,2.105758887906404,0.21057588879064043
3.69727895713108,9.865441521300227,0.9865441521300227
3.7037314509480628,-2.2906788635930297,-0.22906788635930297
3.710183944765045,-12.783531246654547,-1.278353124665455
3.716636438582028,1.7358302477762209,0.1735830247776221
3.7230889323990106,9.36738468908402,0.936738468908402
3.7295414262159934,-3.2800232726242484,-0.32800232726242484
3.735993920032976,2.192139692310775,0.2192139692310775
3.7424464138499585,-5.85252788189041,-0.585252788189041
3.7488989076669412,-12.373832793980455,-1.2373832793980455
3.755351401483924,6.2040095732418195,0.620400957324182
3.7618038953009068,-10.480485372139128,-1.0480485372139128
3.7682563891178895,4.221285633998605,0.4221285633998605
3.7747088829348723,-12.732136556194064,-1.2732136556194065
3.7811613767518546,-7.2966345075972185,-0.7296634507597219
3.7876138705688374,-2.842938727851788,-0.2842938727851788
3.79406636438582,-2.8571578107323603,-0.28571578107323603
3.800518858202803,4.886691620408101,0.4886691620408101
3.8069713520197856,-12.676859808811741,-1.2676859808811742
3.8134238458367684,-0.09476833428266218,-0.009476833428266218
3.8198763396537507,-14.04101393179485,-1.4041013931794852
3.8263288334707335,4.639600322289198,0.4639600322289198
3.8327813272877163,-14.034752176355369,-1.403475217635537
3.839233821104699,0.39427637299399976,0.03942763729939998
3.845686314921682,-13.111892296788028,-1.3111892296788028
3.8521388087386645,3.828183809142274,0.38281838091422743
3.858591302555647,-7.3208059605246945,-0.7320805960524694
3.8650437963726296,0.9727725107038623,0.09727725107038623
3.8714962901896124,-13.935417741681704,-1.3935417741681704
3.877948784006595,-3.6723258645045007,-0.3672325864504501
3.884401277823578,-10.788171448392177,-1.0788171448392176
3.8908537716405607,2.5816649264418174,0.25816649264418173
3.897306265457543,-6.568559958898504,-0.6568559958898504
3.9037587592745258,0.9347298006528035,0.09347298006528036
3.9102112530915085,-2.8338367763901715,-0.2833836776390172
3.9166637469084913,-2.289383522767139,-0.22893835227671389
3.923116240725474,-12.650726561343618,-1.265072656134362
3.929568734542457,-5.401177628340065,-0.5401177628340065
3.936021228359439,-11.374518332632078,-1.137451833263208
3.942473722176422,1.402762922537022,0.1402762922537022
3.9489262159934047,-9.831594009279115,-0.9831594009279115
3.9553787098103874,1.0103637323459225,0.10103637323459225
3.96183120362737,-9.645449198426604,-0.9645449198426604
3.968283697444353,1.1690413399671797,0.11690413399671798
3.9747361912613353,-9.671856717496894,-0.9671856717496894
3.981188685078318,-6.561484828823495,-0.6561484828823496
3.987641178895301,-9.413547853617956,-0.9413547853617956
3.9940936727122835,-6.958201351914568,-0.6958201351914568
4.000546166529266,0.5821810074369296,0.05821810074369296
4.006998660346249,-7.296661089054851,-0.7296661089054851
4.013451154163231,0.0016712069098048232,0.00016712069098048234
4.019903647980215,-6.029682666880262,-0.6029682666880263
4.026356141797197,-0.6521560522094205,-0.06521560522094205
4.032808635614179,-4.839406643382745,-0.4839406643382745
4.0392611294311624,-2.163383377039054,-0.2163383377039054
4.045713623248145,-3.7995354411239077,-0.3799535441123908
4.052166117065128,-10.19845978948706,-1.019845978948706
4.05861861088211,-2.290766629216023,-0.2290766629216023
4.065071104699093,-11.612459841224563,-1.1612459841224563
4.071523598516076,-8.78110976062112,-0.8781109760621121
4.077976092333058,-6.35784135174822,-0.6357841351748221
4.084428586150041,-9.604320800576033,-0.9604320800576034
4.090881079967024,-4.63318044095513,-0.46331804409551297
4.097333573784007,-10.483066103078954,-1.0483066103078955
4.103786067600989,-6.494255342375482,-0.6494255342375482
4.1102385614179715,-4.221340370572989,-0.4221340370572989
4.116691055234955,-7.256744707417283,-0.7256744707417284
4.123143549051937,-4.547921153281322,-0.45479211532813224
4.12959604286892,-4.957544124385322,-0.49575441243853224
4.1360485366859026,-5.591171261164845,-0.5591171261164846
4.142501030502885,-3.420168670672865,-0.3420168670672865
4.148953524319868,-4.736254938699631,-0.4736254938699631
4.15540601813685,-8.048889520966895,-0.8048889520966895
4.161858511953834,-3.105779981761316,-0.31057799817613163
4.168311005770816,-4.454584109648067,-0.44545841096480676
4.174763499587799,-1.0643078905045513,-0.10643078905045514
4.1812159934047815,-5.942016108687994,-0.5942016108687994
4.187668487221764,-2.009231145773583,-0.20092311457735834
4.194120981038747,-3.668156866869822,-0.3668156866869822
4.200573474855729,-3.8184064107465474,-0.38184064107465476
4.2070259686727125,-1.9920102467965535,-0.19920102467965536
4.213478462489695,-8.366462879164146,-0.8366462879164147
4.219930956306677,-2.1888197123578266,-0.21888197123578268
4.22638345012366,-5.590092453643138,-0.5590092453643137
4.232835943940643,-3.501480350065549,-0.3501480350065549
4.239288437757626,-3.950062428635647,-0.3950062428635647
4.245740931574608,-5.228572999531025,-0.5228572999531025
4.252193425391591,-5.859948788013753,-0.5859948788013754
4.258645919208574,-5.238263852089176,-0.5238263852089177
4.265098413025556,-2.8121511868234847,-0.2812151186823485
4.271550906842539,-4.487725857326723,-0.4487725857326723
4.278003400659522,-4.404728633405512,-0.4404728633405512
4.284455894476505,-1.1070061565474134,-0.11070061565474135
4.290908388293487,-1.2741075646802074,-0.12741075646802075
4.297360882110469,-3.510922333735607,-0.3510922333735607
4.303813375927453,-2.1639998602634023,-0.21639998602634025
4.310265869744435,-0.24119860467794751,-0.024119860467794754
4.316718363561418,-3.6337284418843865,-0.3633728441884387
4.3231708573784005,-5.168502784273642,-0.5168502784273642
4.329623351195384,-2.8117719741303517,-0.2811771974130352
4.336075845012366,-2.9257995952777947,-0.2925799595277795
4.342528338829348,-3.323548550895339,-0.3323548550895339
4.3489808326463315,-3.474802645873069,-0.34748026458730696
4.355433326463314,-3.9222298028855676,-0.3922229802885568
4.361885820280297,-4.06193282311483,-0.40619328231148305
4.368338314097279,-4.04542364068061,-0.40454236406806104
4.374790807914262,-3.8506009553263993,-0.38506009553264
4.381243301731245,-3.45686672380225,-0.345686672380225
4.387695795548227,-2.6816482385145264,-0.2681648238514526
4.39414828936521,-2.9510683660721497,-0.295106836607215
4.400600783182193,-4.980189309468869,-0.498018930946887
4.407053276999175,-1.5492179157758983,-0.15492179157758984
4.413505770816158,-1.3404237018319236,-0.13404237018319237
4.419958264633141,-1.5286643888475737,-0.15286643888475737
4.426410758450124,-1.5886337792424001,-0.15886337792424002
4.432863252267106,-1.762658004494142,-0.1762658004494142
4.439315746084089,-1.8707735503926415,-0.18707735503926415
4.445768239901072,-1.811617547372407,-0.18116175473724072
4.452220733718054,-1.9551141714964615,-0.19551141714964615
4.458673227535037,-2.0284052729132327,-0.2028405272913233
4.4651257213520195,-1.6983149125355794,-0.16983149125355795
4.471578215169003,-1.4484715042353855,-0.14484715042353855
4.478030708985985,-1.0156597604595845,-0.10156597604595846
4.484483202802967,-1.198659171785721,-0.11986591717857209
4.4909356966199505,-0.8963535757231966,-0.08963535757231966
4.497388190436933,-1.2364784101787336,-0.12364784101787336
4.503840684253916,-3.982434351855545,-0.39824343518555455
4.510293178070898,-1.7277196817228742,-0.17277196817228743
4.516745671887882,-2.4099269735813778,-0.24099269735813778
4.523198165704864,-2.7104300023540873,-0.2710430002354087
4.529650659521846,-3.03837096975235,-0.30383709697523503
4.536103153338829,-2.9984182228561167,-0.2998418222856117
4.542555647155812,-2.733378466073873,-0.2733378466073873
4.549008140972795,-2.8869008295789627,-0.2886900829578963
4.555460634789777,-2.8735644658443107,-0.2873564465844311
4.56191312860676,-5.115514425512856,-0.5115514425512856
4.568365622423743,-2.0451721618892407,-0.20451721618892407
4.574818116240725,-4.335789656277257,-0.4335789656277257
4.581270610057708,-4.23102876871053,-0.423102876871053
4.587723103874691,-4.115873246500314,-0.41158732465003145
4.594175597691674,-3.895687262515594,-0.3895687262515594
4.600628091508656,-4.151652287165689,-0.4151652287165689
4.6070805853256385,-4.329745974810521,-0.43297459748105216
4.613533079142622,-4.8279749405908206,-0.48279749405908207
4.619985572959604,-2.197959912396982,-0.2197959912396982
4.626438066776587,-4.92219058322371,-0.492219058322371
4.6328905605935695,-4.775333346375419,-0.4775333346375419
4.639343054410552,-4.295283677361795,-0.4295283677361795
4.645795548227535,-2.0703913216079854,-0.20703913216079856
4.652248042044517,-4.784218646326281,-0.4784218646326281
4.658700535861501,-2.2711347145570926,-0.22711347145570926
4.665153029678483,-4.5105391205918295,-0.451053912059183
4.671605523495466,-3.9641800454080567,-0.39641800454080567
4.678058017312448,-4.026516797123577,-0.4026516797123577
4.684510511129431,-4.658039530452925,-0.4658039530452925
4.690963004946414,-4.112295114320887,-0.4112295114320887
4.697415498763396,-3.8112348081310756,-0.3811234808131076
4.7038679925803795,-4.134281180815606,-0.4134281180815606
4.710320486397362,-4.085885262873717,-0.4085885262873717
4.716772980214344,-4.064848097316144,-0.40648480973161444
4.723225474031327,-3.954380086271385,-0.3954380086271385
4.72967796784831,-4.072971914657046,-0.40729719146570464
4.736130461665293,-4.081677370430725,-0.4081677370430725
4.742582955482275,-1.9885270925972236,-0.19885270925972237
4.7490354492992575,-1.9859131964999506,-0.19859131964999507
4.755487943116241,-4.07054317007055,-0.4070543170070551
4.761940436933223,-1.9477508355341797,-0.194775083553418
4.768392930750206,-4.58782273797442,-0.4587822737974421
4.7748454245671885,-1.1757119024662188,-0.11757119024662188
4.781297918384172,-1.0744376734526213,-0.10744376734526213
4.787750412201154,-0.8352360465410129,-0.0835236046541013
4.794202906018136,-3.357810800229572,-0.33578108002295726
4.80065539983512,-0.27080169128817033,-0.027080169128817035
4.807107893652102,-3.212576664746166,-0.3212576664746166
4.813560387469085,-3.5841098916200735,-0.35841098916200737
4.820012881286067,-6.451257705204853,-0.6451257705204854
4.82646537510305,-12.077172642474352,-1.2077172642474352
4.832917868920033,-13.034023554906298,-1.30340235549063
4.839370362737015,-9.816374959473933,-0.9816374959473934
4.8458228565539985,-1.8298891092572376,-0.18298891092572378
4.852275350370981,7.127223301333515,0.7127223301333516
4.858727844187964,4.999974314492874,0.49999743144928743
4.865180338004946,6.63544403860692,0.663544403860692
4.871632831821929,3.683249900931287,0.3683249900931287
4.878085325638912,-5.771626802765468,-0.5771626802765468
4.884537819455894,-6.379440250710331,-0.6379440250710332
4.890990313272877,-10.432002249216566,-1.0432002249216568
4.89744280708986,-4.928282561452988,-0.49282825614529885
4.903895300906842,-0.9777446524215065,-0.09777446524215067
4.910347794723825,3.808013871506091,0.3808013871506091
4.9168002885408075,9.00697035248254,0.9006970352482541
4.923252782357791,8.712434407675119,0.8712434407675119
4.929705276174773,4.221827178943158,0.42218271789431583
4.936157769991756,-6.570513832172537,-0.6570513832172538
4.942610263808739,-8.611808757570088,-0.8611808757570089
4.949062757625721,-8.577424843422705,-0.8577424843422705
4.955515251442704,-8.480968837271803,-0.8480968837271803
4.961967745259686,-1.0806772616756462,-0.10806772616756462
4.96842023907667,5.767356180720071,0.5767356180720071
4.974872732893652,5.193807340930562,0.5193807340930562
4.981325226710634,8.261526517851053,0.8261526517851053
4.9877777205276175,3.7585370189847254,0.37585370189847256
4.9942302143446,-0.9408717321032327,-0.09408717321032328
5.000682708161583,-10.08214429754321,-1.008214429754321
5.007135201978565,-10.277012769759722,-1.0277012769759721
5.0135876957955485,-12.420860637602573,-1.2420860637602573
5.020040189612531,-3.9222587401218334,-0.39222587401218334
5.026492683429513,-0.15970009351667613,-0.015970009351667615
5.032945177246496,1.443408146844149,0.14434081468441493
5.039397671063479,4.858178268844995,0.4858178268844995
5.045850164880462,1.1801104108301388,0.11801104108301388
5.052302658697444,-3.9068804559599357,-0.39068804559599357
5.0587551525144265,-12.786771820652575,-1.2786771820652576
5.06520764633141,-13.901264034525184,-1.3901264034525185
5.071660140148392,-14.065275305100158,-1.406527530510016
5.078112633965375,-4.6909813240195035,-0.46909813240195036
5.084565127782358,-4.112550596747269,-0.4112550596747269
5.09101762159934,0.8051847957569862,0.08051847957569863
5.097470115416323,0.9980317052679766,0.09980317052679766
5.103922609233305,-0.3292065043413004,-0.03292065043413004
5.110375103050289,-4.947964474903074,-0.49479644749030743
5.116827596867271,-11.303835827044395,-1.1303835827044395
5.123280090684254,-15.99064542702331,-1.5990645427023311
5.1297325845012365,-15.994728835635442,-1.5994728835635443
5.136185078318219,-13.35192404309737,-1.335192404309737
5.142637572135202,-6.3993394201365845,-0.6399339420136585
5.149090065952184,-2.947099329476714,-0.2947099329476714
5.1555425597691675,-0.5826401513829751,-0.058264015138297515
5.16199505358615,1.4808150409191967,0.14808150409191967
5.168447547403132,-5.051329584873429,-0.5051329584873429
5.174900041220115,-12.18409825971662,-1.218409825971662
5.181352535037098,-15.437789479583216,-1.5437789479583217
5.187805028854081,-15.909710026752009,-1.590971002675201
5.194257522671063,-11.925369839071891,-1.192536983907189
5.200710016488046,-7.391312099750621,-0.7391312099750622
5.207162510305029,-3.3233129234461103,-0.33233129234461106
5.213615004122011,-0.053880502422771315,-0.005388050242277132
5.220067497938994,4.660089367542469,0.46600893675424687
5.226519991755977,2.8712539126540833,0.2871253912654083
5.23297248557296,2.7498682830898815,0.2749868283089882
5.239424979389942,1.5716204989219023,0.15716204989219024
5.245877473206924,-1.953132746824167,-0.19531327468241672
5.252329967023908,-6.437988007101694,-0.6437988007101695
5.25878246084089,-9.412163260055422,-0.9412163260055423
5.265234954657873,-11.914134087274988,-1.1914134087274988
5.2716874484748555,-14.46112603261713,-1.446112603261713
5.278139942291839,-13.395138964280477,-1.3395138964280477
5.284592436108821,-4.399849162829696,-0.43998491628296965
5.291044929925803,-0.6549761199378281,-0.06549761199378282
5.2974974237427865,1.123954163793087,0.11239541637930871
5.303949917559769,4.607719564386798,0.46077195643867985
5.310402411376752,-3.327452412637058,-0.3327452412637058
5.316854905193734,-4.3197532319832135,-0.4319753231983214
5.323307399010717,-12.369286381135453,-1.2369286381135454
5.3297598928277,-14.716829444913856,-1.4716829444913857
5.336212386644682,-11.813491094612573,-1.1813491094612574
5.342664880461665,-8.070658309312194,-0.8070658309312194
5.349117374278648,-4.1326829247771,-0.41326829247771
5.355569868095631,2.978913755610165,0.2978913755610165
5.362022361912613,0.6783593619925341,0.06783593619925342
5.368474855729596,-0.35803440480754034,-0.03580344048075403
5.374927349546579,-5.65854310422651,-0.565854310422651
5.381379843363561,-11.42628368307237,-1.1426283683072371
5.387832337180544,-15.08682745201736,-1.5086827452017362
5.394284830997527,-14.990667627813082,-1.4990667627813083
5.400737324814509,-12.042802757528762,-1.2042802757528763
5.407189818631492,-3.820557846098154,-0.38205578460981543
5.4136423124484745,1.548717927881853,0.1548717927881853
5.420094806265458,2.105961011389809,0.2105961011389809
5.42654730008244,3.2407078298272154,0.3240707829827216
5.432999793899422,-3.0693619487344677,-0.3069361948734468
5.4394522877164055,-9.74755692785584,-0.974755692785584
5.445904781533388,-14.76385466068541,-1.4763854660685412
5.452357275350371,-15.584419702559444,-1.5584419702559444
5.458809769167353,-12.533593409754985,-1.2533593409754986
5.465262262984337,-2.1804416034974565,-0.21804416034974566
5.471714756801319,-2.522954874562629,-0.2522954874562629
5.478167250618301,0.20202372963581183,0.020202372963581183
5.484619744435284,2.5712204989365546,0.25712204989365545
5.491072238252267,-6.091096585244259,-0.6091096585244259
5.49752473206925,-16.44928144875894,-1.644928144875894
5.503977225886232,-15.926255128095136,-1.5926255128095137
5.510429719703215,2.651109732492614,0.2651109732492614
5.516882213520198,-8.479788602785675,-0.8479788602785675
5.52333470733718,-16.558373179612545,-1.6558373179612547
5.529787201154163,-4.406335186277602,-0.4406335186277602
5.536239694971146,-2.9031386454266794,-0.29031386454266794
5.542692188788129,-9.709323667709668,-0.9709323667709668
5.549144682605111,-12.162031141696843,-1.2162031141696845
5.5555971764220935,-2.0900144526788154,-0.20900144526788156
5.562049670239077,-1.920079611133815,-0.1920079611133815
5.568502164056059,-15.363828970934946,-1.5363828970934947
5.574954657873042,-4.9722162357581965,-0.49722162357581967
5.5814071516900245,0.24575399501122774,0.024575399501122776
5.587859645507007,-6.396357109447763,-0.6396357109447763
5.59431213932399,-10.987906104874355,-1.0987906104874356
5.600764633140972,4.169475543617182,0.4169475543617182
5.607217126957956,-1.9411990701430568,-0.1941199070143057
5.613669620774938,-16.847623662375327,-1.6847623662375328
5.620122114591921,0.7398506381207426,0.07398506381207426
5.626574608408903,-1.7714775416068278,-0.1771477541606828
5.633027102225886,-16.781362930581736,-1.6781362930581736
5.639479596042869,3.2256891671727317,0.32256891671727317
5.645932089859851,4.605866049493898,0.4605866049493898
5.6523845836768345,-15.357812084054103,-1.5357812084054103
5.658837077493817,3.3191405452128038,0.3319140545212804
5.665289571310799,3.2301813093570217,0.3230181309357022
5.671742065127782,-16.180320971295487,-1.6180320971295488
5.678194558944765,2.353325186893244,0.2353325186893244
5.684647052761748,6.375797220956201,0.6375797220956202
5.69109954657873,-16.114025059687492,-1.6114025059687493
5.697552040395713,2.232962843626865,0.2232962843626865
5.704004534212696,5.153139883505901,0.5153139883505901
5.710457028029678,-5.85281624151844,-0.585281624151844
5.716909521846661,-16.517369898979723,-1.6517369898979724
5.7233620156636436,-8.840735181283662,-0.8840735181283663
5.729814509480627,-0.040641872788228284,-0.004064187278822829
5.736267003297609,4.457686589243849,0.44576865892438494
5.742719497114591,-6.552101079757676,-0.6552101079757677
5.749171990931575,-15.234059893108906,-1.5234059893108907
5.755624484748557,-4.669863459078442,-0.46698634590784427
5.76207697856554,6.583639391101769,0.658363939110177
5.7685294723825224,3.644591633121081,0.36445916331210815
5.774981966199505,-8.23180442079115,-0.823180442079115
5.781434460016488,-13.854937806250064,-1.3854937806250065
5.78788695383347,4.954748710177455,0.4954748710177455
5.7943394476504535,-0.010038578810735999,-0.0010038578810735999
5.800791941467436,-8.054719348170465,-0.8054719348170466
5.807244435284419,5.892011116696722,0.5892011116696722
5.813696929101401,-7.198378368034582,-0.7198378368034583
5.820149422918384,-3.270421242589009,-0.32704212425890095
5.826601916735367,-2.602430848304948,-0.2602430848304948
5.833054410552349,-18.162393985470544,-1.8162393985470544
5.839506904369332,-1.1363235359251576,-0.11363235359251576
5.845959398186315,-12.80114919482935,-1.280114919482935
5.852411892003297,-16.220781484493727,-1.622078148449373
5.85886438582028,0.21523903880256512,0.021523903880256514
5.865316879637263,-19.770753986791988,-1.977075398679199
5.871769373454246,-6.526816841353366,-0.6526816841353367
5.878221867271228,-4.830368673714929,-0.48303686737149293
5.884674361088211,-8.698485110285901,-0.8698485110285902
5.891126854905194,1.960692652445914,0.19606926524459142
5.897579348722176,-17.071234454206888,-1.707123445420689
5.904031842539159,4.888707904699686,0.4888707904699686
5.9104843363561415,0.0029337985556594504,0.00029337985556594505
5.916936830173125,-9.745808259038313,-0.9745808259038313
5.923389323990107,1.5804741100007504,0.15804741100007505
5.929841817807089,-15.42600485701064,-1.542600485701064
5.9362943116240725,4.6658894135741775,0.4665889413574178
5.942746805441055,-16.20362987080466,-1.6203629870804663
5.949199299258038,-8.222716690844436,-0.8222716690844436
5.95565179307502,0.5245806093118972,0.05245806093118972
5.962104286892004,-5.9186699562360445,-0.5918669956236045
5.968556780708986,4.2862665065079,0.42862665065079003
5.975009274525968,-15.879348594448857,-1.5879348594448857
5.981461768342951,4.453753651647048,0.44537536516470483
5.987914262159934,-5.255940109207813,-0.5255940109207814
5.994366755976917,1.4090200001742232,0.14090200001742234
6.000819249793899,5.28779529111921,0.5287795291119209
6.007271743610882,-9.148760758377193,-0.9148760758377193
6.013724237427865,0.13398518735607468,0.013398518735607469
6.020176731244847,-15.790864503841249,-1.5790864503841249
6.02662922506183,6.4577583975035395,0.645775839750354
6.033081718878813,-15.086747517102367,-1.5086747517102368
6.039534212695796,2.4399814842206524,0.24399814842206524
6.045986706512778,-15.041442831330414,-1.5041442831330416
6.0524392003297605,5.203485400243835,0.5203485400243836
6.058891694146744,-12.504983037011698,-1.2504983037011699
6.065344187963726,1.3341474100398045,0.13341474100398046
6.071796681780709,-12.333485165841694,-1.2333485165841696
6.0782491755976915,1.408619337585833,0.1408619337585833
6.084701669414674,-7.634096027896021,-0.7634096027896021
6.091154163231657,3.6849484850379213,0.36849484850379216
6.097606657048639,-13.945860680333908,-1.3945860680333908
6.104059150865623,0.4672396651824329,0.04672396651824329
6.110511644682605,-13.114907087400525,-1.3114907087400525
6.116964138499587,4.966124352405359,0.4966124352405359
6.12341663231657,-7.398714642969708,-0.7398714642969708
6.129869126133553,3.9621320930261845,0.3962132093026185
6.136321619950536,-13.241077159105544,-1.3241077159105545
6.142774113767518,1.6141174163537926,0.16141174163537927
6.1492266075845015,-13.838493157563335,-1.3838493157563336
6.155679101401484,-1.880358527427461,-0.18803585274274612
6.162131595218466,-14.295403356563156,-1.4295403356563157
6.168584089035449,-0.5326700290770532,-0.05326700290770532
6.175036582852432,-1.9860101764695628,-0.19860101764695628
6.181489076669415,1.0500115573902349,0.1050011557390235
6.187941570486397,-2.1110061431320446,-0.21110061431320448
6.1943940643033795,0.6702103364891627,0.06702103364891628
6.200846558120363,-1.7800377125379327,-0.1780037712537933
6.207299051937345,-11.027964551204377,-1.1027964551204377
6.213751545754328,-0.7116395407952041,-0.0711639540795204
6.2202040395713105,-0.26835898845342854,-0.026835898845342855
6.226656533388294,-10.524494145445942,-1.0524494145445942
6.233109027205276,-2.3854853510345038,-0.2385485351034504
6.239561521022258,-0.8216040954478103,-0.08216040954478104
6.246014014839242,-7.661929383595407,-0.7661929383595407
6.252466508656224,1.2203079154621719,0.1220307915462172
6.258919002473207,-1.9812167828274596,-0.19812167828274596
6.265371496290189,-9.41397637668706,-0.9413976376687061
6.271823990107172,-0.5358983012504268,-0.05358983012504268
6.278276483924155,-3.7988907259659754,-0.37988907259659754
6.284728977741137,-8.276990798074848,-0.8276990798074849
6.2911814715581205,-0.8501594623355686,-0.08501594623355686
6.297633965375103,-3.698424094556003,-0.3698424094556003
6.304086459192086,-10.053205766073233,-1.0053205766073234
6.310538953009068,-1.515742285406077,-0.1515742285406077
6.316991446826051,-9.986805222232533,-0.9986805222232533
6.323443940643034,-2.0027282509315683,-0.20027282509315683
6.329896434460016,-4.129516690507899,-0.4129516690507899
6.336348928276999,-7.618193183127687,-0.7618193183127687
6.342801422093982,-3.4313770171531814,-0.34313770171531816
6.349253915910964,-7.303518626569939,-0.730351862656994
6.355706409727947,-2.687316330510612,-0.2687316330510612
6.3621589035449295,-2.348158566151369,-0.23481585661513693
6.368611397361913,-7.511219466656939,-0.751121946665694
6.375063891178895,-1.95241486307782,-0.19524148630778201
6.381516384995878,-3.0794337739923776,-0.30794337739923777
6.387968878812861,-7.248898934211184,-0.7248898934211184
6.394421372629843,-1.8076939278998907,-0.18076939278998908
6.400873866446826,-3.4062825427640746,-0.34062825427640747
6.407326360263808,-7.2455916720603,-0.7245591672060301
6.413778854080792,-2.148900972920501,-0.2148900972920501
6.420231347897774,-2.895233734938074,-0.2895233734938074
6.426683841714756,-3.6805982003918416,-0.3680598200391842
6.4331363355317395,-2.714574810157046,-0.2714574810157046
6.439588829348722,-1.8001392617113652,-0.18001392617113654
6.446041323165705,-5.953547810729333,-0.5953547810729333
6.452493816982687,-1.5710055897650363,-0.15710055897650366
6.45894631079967,-2.1904936961852854,-0.21904936961852856
6.465398804616653,-1.4519367304908428,-0.1451936730490843
6.471851298433635,-0.007124563398292594,-0.0007124563398292594
6.478303792250618,-1.4175220298127442,-0.14175220298127442
6.484756286067601,-1.5709068080677753,-0.15709068080677754
6.491208779884584,-4.245439721700905,-0.4245439721700905
6.497661273701566,-0.4628315689722058,-0.04628315689722058
6.5041137675185485,0.2743852541227625,0.02743852541227625
6.510566261335532,-4.500782019620601,-0.45007820196206016
6.517018755152514,-4.5960615203619,-0.45960615203619004
6.523471248969497,-2.3554766169820596,-0.23554766169820596
6.52992374278648,-2.851604746881776,-0.2851604746881776
6.536376236603462,-3.9768459180143054,-0.39768459180143056
6.542828730420445,-4.004921358625552,-0.4004921358625552
6.549281224237427,-3.9617064612991726,-0.39617064612991726
6.555733718054411,-3.9320114105953508,-0.3932011410595351
6.562186211871393,-3.911266176863819,-0.3911266176863819
6.568638705688376,-1.1695533602648993,-0.11695533602648994
6.5750911995053585,-3.128313585711794,-0.31283135857117944
6.581543693322341,-2.730427466403171,-0.2730427466403171
6.587996187139324,-2.074812435717604,-0.2074812435717604
6.594448680956306,-2.0679470531151765,-0.20679470531151767
6.6009011747732895,-1.8374320139594147,-0.18374320139594147
6.607353668590272,-1.968383454894365,-0.19683834548943652
6.613806162407254,-2.049031471051194,-0.2049031471051194
6.620258656224237,-1.8185080062260113,-0.18185080062260114
6.62671115004122,-2.2849592382979154,-0.22849592382979156
6.633163643858203,-2.6424892626780547,-0.2642489262678055
6.639616137675185,-2.750926531101186,-0.2750926531101186
6.646068631492168,-2.6673245210447476,-0.26673245210447477
6.652521125309151,-2.99889770139157,-0.299889770139157
6.658973619126133,-2.6773675270922013,-0.26773675270922015
6.665426112943116,-2.6852605124861384,-0.26852605124861384
6.671878606760099,-2.4790535529361932,-0.24790535529361934
6.678331100577082,-2.1590479425651665,-0.21590479425651665
6.684783594394064,-2.1226996384400536,-0.21226996384400537
6.691236088211046,-1.9749853648606859,-0.1974985364860686
6.69768858202803,-2.4093063889420137,-0.24093063889420138
6.704141075845012,-2.5604731270057073,-0.25604731270057074
6.710593569661995,-2.6403511161799997,-0.264035111618
6.7170460634789775,-2.9075887282112944,-0.29075887282112944
6.723498557295961,-3.0090541578551893,-0.30090541578551894
6.729951051112943,-3.246640560258129,-0.32466405602581294
6.736403544929925,-3.4003969963848704,-0.34003969963848707
6.7428560387469085,-4.035481402423784,-0.4035481402423784
6.749308532563891,-4.281209224148597,-0.4281209224148597
6.755761026380874,-4.261962389393602,-0.42619623893936026
6.762213520197856,-4.094702793054012,-0.4094702793054012
6.768666014014839,-4.07507649407512,-0.407507649407512
6.775118507831822,-3.395050595260045,-0.3395050595260045
6.781571001648804,-3.467039925873678,-0.34670399258736784
6.788023495465787,-3.458635274274684,-0.3458635274274684
6.79447598928277,-3.418020810201824,-0.34180208102018245
6.800928483099752,-3.4586217606035916,-0.3458621760603592
6.807380976916735,-3.426779696380436,-0.3426779696380436
6.813833470733718,-3.4016091166938622,-0.3401609116693862
6.820285964550701,-3.999218348079694,-0.3999218348079694
6.826738458367683,-3.209857123605161,-0.32098571236051615
6.833190952184666,-3.237999258641139,-0.32379992586411394
6.839643446001649,-3.9277996378202715,-0.3927799637820272
6.846095939818631,-3.36365439972451,-0.336365439972451
6.852548433635614,-3.3835881722582144,-0.33835881722582145
6.8590009274525965,-4.1839279708106005,-0.4183927970810601
6.86545342126958,-4.784274844171932,-0.47842748441719324
6.871905915086562,-5.937651886146568,-0.5937651886146569
6.878358408903544,-5.969360638089256,-0.5969360638089256
6.8848109027205275,-6.37904772201432,-0.637904772201432
6.89126339653751,-6.285512554527713,-0.6285512554527714
6.897715890354493,-6.345980389767419,-0.6345980389767419
6.904168384171475,-2.8333725023960596,-0.283337250239606
6.910620877988459,-5.214562052653264,-0.5214562052653264
6.917073371805441,-4.936476812161345,-0.49364768121613456
6.923525865622423,-4.261924639788276,-0.42619246397882765
6.929978359439406,-3.735987894569689,-0.37359878945696895
6.936430853256389,-4.280744340034971,-0.42807443400349715
6.942883347073372,-4.315807197719778,-0.4315807197719778
6.949335840890354,-4.41727451624206,-0.441727451624206
6.955788334707337,-4.677951845407051,-0.4677951845407051
6.96224082852432,-4.855265287682187,-0.48552652876821867
6.968693322341302,-5.352033794912813,-0.5352033794912814
6.975145816158285,-5.134886556234733,-0.5134886556234733
6.981598309975268,-5.331863172361182,-0.5331863172361182
6.988050803792251,-4.6653824338934555,-0.4665382433893456
6.994503297609233,-4.411185576365597,-0.4411185576365597
7.0009557914262155,-4.233675826128319,-0.42336758261283197
7.007408285243199,-4.263862193565956,-0.4263862193565956
7.013860779060181,-3.5595835536430513,-0.35595835536430515
7.020313272877164,-3.876628711243484,-0.3876628711243484
7.0267657666941465,-4.655468787597101,-0.4655468787597101
7.033218260511129,-11.248108777321022,-1.1248108777321022
7.039670754328112,-12.6149151934178,-1.2614915193417802
7.046123248145094,-10.758000890809626,-1.0758000890809627
7.052575741962078,-3.0088643489641527,-0.3008864348964153
7.05902823577906,0.31812257308047265,0.031812257308047265
7.065480729596043,3.991061277084782,0.3991061277084782
7.071933223413025,3.124239698984411,0.3124239698984411
7.078385717230008,0.6977496327724566,0.06977496327724567
7.084838211046991,-7.797893041120233,-0.7797893041120233
7.091290704863973,-10.997443113947384,-1.0997443113947385
7.0977431986809565,-14.274635128327418,-1.427463512832742
7.104195692497939,-13.041278564898903,-1.3041278564898904
7.110648186314921,-6.387458221354564,-0.6387458221354564
7.117100680131904,-2.1377717567531818,-0.21377717567531818
7.123553173948887,2.4643110022141173,0.24643110022141174
7.13000566776587,2.825703597090296,0.2825703597090296
7.136458161582852,2.786774976059178,0.2786774976059178
7.1429106553998345,-8.346020442852705,-0.8346020442852705
7.149363149216818,-10.94150934968161,-1.094150934968161
7.1558156430338,-14.54490182030895,-1.454490182030895
7.162268136850783,-12.897208468424878,-1.289720846842488
7.1687206306677655,-9.88188949036089,-0.9881889490360891
7.175173124484749,-2.3199955569969006,-0.23199955569969008
7.181625618301731,-0.2099121773646857,-0.020991217736468573
7.188078112118713,4.270783940367664,0.42707839403676645
7.194530605935697,1.0321380042612418,0.10321380042612419
7.200983099752679,-3.018874092494798,-0.3018874092494798
7.207435593569662,-12.170928041809248,-1.2170928041809248
7.213888087386644,-13.2836976156716,-1.32836976156716
7.220340581203627,-16.186226767733615,-1.6186226767733616
7.22679307502061,-7.838047395917556,-0.7838047395917557
7.233245568837592,-3.6119401172552443,-0.36119401172552446
7.2396980626545755,-0.9356378177212719,-0.0935637817721272
7.246150556471558,0.11388763344825747,0.011388763344825747
7.252603050288541,0.2826486236756409,0.028264862367564092
7.259055544105523,0.09673719947636528,0.009673719947636529
7.265508037922506,1.2561531863018445,0.12561531863018446
7.271960531739489,-6.044403798575104,-0.6044403798575104
7.278413025556471,-9.98968635624692,-0.9989686356246921
7.284865519373454,-11.998807569094879,-1.199880756909488
7.291318013190437,-14.45220637948637,-1.445220637948637
7.297770507007419,-15.243221075919564,-1.5243221075919564
7.304223000824402,-15.026561609173768,-1.502656160917377
7.3106754946413846,-13.726198166774566,-1.3726198166774566
7.317127988458368,-7.303721319033912,-0.7303721319033912
7.32358048227535,-1.4083233569710956,-0.14083233569710957
7.330032976092333,0.8973096702889052,0.08973096702889052
7.336485469909316,2.7596073719396372,0.27596073719396375
7.342937963726298,3.0270060531390754,0.3027006053139076
7.349390457543281,-4.514240564272086,-0.4514240564272086
7.3558429513602634,-11.40119356110904,-1.140119356110904
7.362295445177247,-13.783053807195074,-1.3783053807195076
7.368747938994229,-16.07167175605923,-1.6071671756059231
7.375200432811211,-11.172812178902177,-1.1172812178902178
7.3816529266281945,-4.392666778659759,-0.43926667786597595
7.388105420445177,1.6640465066950583,0.16640465066950583
7.39455791426216,4.089731397832338,0.40897313978323385
7.401010408079142,3.718069473203059,0.3718069473203059
7.4074629018961256,-5.029060015343703,-0.5029060015343703
7.413915395713108,-8.923399461781855,-0.8923399461781856
7.42036788953009,-13.429562698603377,-1.3429562698603377
7.426820383347073,-13.94247097483003,-1.394247097483003
7.433272877164056,-12.53930595538327,-1.253930595538327
7.439725370981039,-4.931579705581726,-0.49315797055817256
7.446177864798021,0.7048559376219146,0.07048559376219146
7.452630358615004,4.663876793288182,0.4663876793288182
7.459082852431987,1.3483892170718264,0.13483892170718265
7.465535346248969,-5.646332068176662,-0.5646332068176662
7.471987840065952,-9.285660102680822,-0.9285660102680823
7.478440333882935,-13.626675486044633,-1.3626675486044633
7.484892827699917,-11.710247143106471,-1.1710247143106471
7.4913453215169,-12.83019257186129,-1.283019257186129
7.4977978153338825,-3.1883989384912184,-0.31883989384912187
7.504250309150866,-2.6860127636830384,-0.26860127636830383
7.510702802967848,1.4709064808114363,0.14709064808114364
7.517155296784831,3.8910573636956087,0.3891057363695609
7.5236077906018135,-1.3426524849517136,-0.13426524849517138
7.530060284418796,-9.481004059833367,-0.9481004059833368
7.536512778235779,-14.286560760942166,-1.4286560760942166
7.542965272052761,-15.395228110960716,-1.5395228110960717
7.549417765869745,-13.688212375114745,-1.3688212375114746
7.555870259686727,-6.253956887328286,-0.6253956887328287
7.562322753503709,-3.176629278846349,-0.3176629278846349
7.568775247320692,0.9512326716323969,0.0951232671632397
7.575227741137675,0.8923653180420388,0.08923653180420388
7.581680234954658,-1.1365915304600094,-0.11365915304600094
7.58813272877164,-9.188168927233846,-0.9188168927233846
7.5945852225886235,-13.73114506680281,-1.373114506680281
7.601037716405606,-14.39793293352227,-1.439793293352227
7.607490210222588,-12.884788656346927,-1.2884788656346928
7.613942704039571,-9.594284281633236,-0.9594284281633236
7.620395197856554,-2.420903556651865,-0.24209035566518652
7.626847691673537,3.7857457167840494,0.37857457167840497
7.633300185490519,1.176261163299614,0.11762611632996141
7.6397526793075015,0.598573483590144,0.0598573483590144
7.646205173124485,-11.326367360642962,-1.1326367360642962
7.652657666941467,-13.363756255776707,-1.3363756255776709
7.65911016075845,-14.476017796574524,-1.4476017796574525
7.6655626545754325,-15.821137681780556,-1.5821137681780557
7.672015148392416,-12.202360153660493,-1.2202360153660494
7.678467642209398,-4.870623955774363,-0.4870623955774363
7.68492013602638,-2.3036675261248547,-0.2303667526124855
7.691372629843364,-0.023403642304856476,-0.0023403642304856477
7.697825123660346,0.9689671508547235,0.09689671508547236
7.704277617477329,-6.640286134734197,-0.6640286134734197
7.710730111294311,-15.312598282170484,-1.5312598282170484
7.717182605111294,-7.245761722664838,-0.7245761722664839
7.723635098928277,1.2557728295785182,0.12557728295785184
7.730087592745259,-13.499023830757551,-1.3499023830757553
7.7365400865622425,-14.751622392400805,-1.4751622392400805
7.742992580379225,-0.25660053286514994,-0.025660053286514994
7.749445074196208,-5.0334100847489935,-0.5033410084748994
7.75589756801319,-16.329509928675634,-1.6329509928675634
7.762350061830173,-16.494242526039898,-1.64942425260399
7.768802555647156,-4.911449646213214,-0.4911449646213214
7.775255049464138,-0.11022602789012126,-0.011022602789012126
7.781707543281121,-2.5171957323148035,-0.25171957323148036
7.788160037098104,-8.495528172547665,-0.8495528172547666
7.794612530915086,-14.883918831067604,-1.4883918831067604
7.801065024732069,-11.697844521015213,-1.1697844521015213
7.8075175185490515,-4.929564871714547,-0.4929564871714547
7.813970012366035,2.2604753174364305,0.22604753174364306
7.820422506183017,-3.4194171920357803,-0.3419417192035781
7.826874999999999,-18.558278758874394,-1.8558278758874396
7.833327493816983,-8.47770370332023,-0.8477703703320231
7.839779987633965,0.5262376490275074,0.05262376490275074
7.846232481450948,-18.717541684936805,-1.8717541684936805
7.85268497526793,-11.898613868706434,-1.1898613868706434
7.859137469084914,0.23634314181003901,0.023634314181003903
7.865589962901896,-4.124567623465509,-0.41245676234655093
7.872042456718878,-12.975332652349834,-1.2975332652349836
7.8784949505358615,1.7779090100359554,0.17779090100359554
7.884947444352844,-4.218131712188779,-0.4218131712188779
7.891399938169827,-16.71742235030183,-1.6717422350301832
7.897852431986809,1.1552323720063669,0.11552323720063669
7.904304925803792,-2.9793002497006,-0.29793002497006
7.910757419620775,-14.774815991728929,-1.477481599172893
7.917209913437757,1.1785739370775445,0.11785739370775446
7.92366240725474,-2.1287089690108587,-0.21287089690108588
7.930114901071723,-16.551273175811957,-1.6551273175811958
7.936567394888706,3.2262134275699736,0.3226213427569974
7.943019888705688,1.034306410212821,0.1034306410212821
7.9494723825226705,-15.57782463528497,-1.557782463528497
7.955924876339654,-2.5898658417975184,-0.25898658417975184
7.962377370156636,-1.6016847568146204,-0.16016847568146206
7.968829863973619,-11.522772573068323,-1.1522772573068323
7.975282357790602,-2.6949968855817588,-0.2694996885581759
7.981734851607584,-4.219731580665439,-0.4219731580665439
7.988187345424567,-7.770938165360121,-0.7770938165360122
7.994639839241549,1.6125045444853185,0.16125045444853187
8.001092333058532,-7.7079270976398675,-0.7707927097639868
8.007544826875515,-1.5436095489660602,-0.15436095489660603
8.013997320692498,4.716722644729771,0.4716722644729771
8.02044981450948,-11.94286774952161,-1.194286774952161
8.026902308326463,4.88957663344604,0.48895766334460405
8.033354802143446,5.859730759919557,0.5859730759919558
8.03980729596043,-15.53561419321727,-1.553561419321727
8.04625978977741,7.510179453258161,0.7510179453258161
8.052712283594394,-2.5232108649900056,-0.2523210864990006
8.059164777411377,-7.159478913036537,-0.7159478913036538
8.065617271228358,-2.141707641174662,-0.21417076411746622
8.072069765045342,-12.892198582388573,-1.2892198582388574
8.078522258862325,2.767575270246425,0.2767575270246425
8.084974752679308,-10.72547673647955,-1.0725476736479551
8.09142724649629,-16.293641452484508,-1.6293641452484509
8.097879740313273,1.9520177854817575,0.19520177854817578
8.104332234130256,-14.562307281094718,-1.456230728109472
8.110784727947237,-1.6424880951647083,-0.16424880951647083
8.11723722176422,-6.825089963334449,-0.682508996333445
8.123689715581204,-3.266279036518654,-0.3266279036518654
8.130142209398185,1.6528819843267684,0.16528819843267684
8.136594703215168,-14.767127195557123,-1.4767127195557124
8.143047197032152,5.191380454293949,0.5191380454293949
8.149499690849135,-7.590275985114886,-0.7590275985114886
8.155952184666116,-1.2052036792763374,-0.12052036792763375
8.1624046784831,-9.256357645386515,-0.9256357645386516
8.168857172300083,-14.069232623973903,-1.4069232623973904
8.175309666117064,2.7345881549276783,0.27345881549276785
8.181762159934047,-13.241604298683114,-1.3241604298683116
8.18821465375103,-1.0116327851910683,-0.10116327851910684
8.194667147568014,-15.50332042025525,-1.550332042025525
8.201119641384995,0.5173944242876587,0.051739442428765874
8.207572135201978,-5.648580873999663,-0.5648580873999663
8.214024629018962,-4.509632297867256,-0.45096322978672565
8.220477122835943,-9.5974140916951,-0.95974140916951
8.226929616652926,-12.961358430849941,-1.2961358430849943
8.23338211046991,0.1920109688383036,0.01920109688383036
8.239834604286893,-5.854081946282804,-0.5854081946282804
8.246287098103874,3.6074820031255967,0.3607482003125597
8.252739591920857,-12.311939138349999,-1.2311939138349999
8.25919208573784,3.1823890856751404,0.3182389085675141
8.265644579554822,-11.579128155868375,-1.1579128155868375
8.272097073371805,-5.615668704391965,-0.5615668704391965
8.278549567188788,4.82392723263888,0.48239272326388805
8.28500206100577,-5.760158340963471,-0.5760158340963472
8.291454554822753,-13.61784394855681,-1.3617843948556811
8.297907048639736,-0.7597821934034528,-0.07597821934034528
8.30435954245672,-0.4299044463730297,-0.04299044463730298
8.3108120362737,-15.411796222339262,-1.5411796222339262
8.317264530090684,-6.810855227964339,-0.681085522796434
8.323717023907667,-0.29976436785045735,-0.029976436785045735
8.330169517724649,-10.337529773044253,-1.0337529773044254
8.336622011541632,-8.660820354517682,-0.8660820354517682
8.343074505358615,0.0406540226067591,0.00406540226067591
8.349526999175598,-14.639574342895912,-1.4639574342895914
8.35597949299258,-2.2083926441541735,-0.22083926441541735
8.362431986809563,-14.891506235401494,-1.4891506235401495
8.368884480626546,1.0483187324550727,0.10483187324550727
8.375336974443528,-4.006134213133919,-0.4006134213133919
8.38178946826051,0.544915526462546,0.054491552646254604
8.388241962077494,-5.67627064885437,-0.567627064885437
8.394694455894477,-7.558047981030995,-0.7558047981030995
8.401146949711459,-7.203555418281439,-0.720355541828144
8.407599443528442,-6.90024915440199,-0.6900249154401991
8.414051937345425,-0.4875570716887978,-0.04875570716887978
8.420504431162406,-5.934344908016783,-0.5934344908016783
8.42695692497939,-1.8666561448267203,-0.18666561448267205
8.433409418796373,-6.2618717695447685,-0.6261871769544769
8.439861912613354,-2.11842849794175,-0.211842849794175
8.446314406430337,-11.600826155651248,-1.160082615565125
8.45276690024732,-2.826091033918374,-0.28260910339183737
8.459219394064304,-11.17775269065396,-1.1177752690653961
8.465671887881285,-8.933346382358422,-0.8933346382358422
8.472124381698269,-6.93381119089031,-0.6933811190890311
8.478576875515252,-10.198368187526057,-1.0198368187526057
8.485029369332233,-1.8778098431089347,-0.1877809843108935
8.491481863149216,-10.577569280848138,-1.0577569280848138
8.4979343569662,-3.2189537196595666,-0.3218953719659567
8.504386850783183,-4.2205414906211445,-0.42205414906211447
8.510839344600164,-6.142312482775878,-0.6142312482775879
8.517291838417147,-3.7558055678784967,-0.3755805567878497
8.52374433223413,-8.529603949745933,-0.8529603949745934
8.530196826051112,-1.9960143398650416,-0.19960143398650418
8.536649319868095,-5.116151837364896,-0.5116151837364896
8.543101813685078,-4.101081009021755,-0.4101081009021755
8.54955430750206,-3.850260020172527,-0.38502600201725273
8.556006801319043,-4.283948277239006,-0.4283948277239006
8.562459295136026,-2.081290561051219,-0.2081290561051219
8.56891178895301,-5.157367771076679,-0.5157367771076679
8.575364282769991,-6.740864247040463,-0.6740864247040463
8.581816776586974,-3.15237002788831,-0.315237002788831
8.588269270403957,-3.962289476650085,-0.3962289476650085
8.594721764220939,-8.679716999790116,-0.8679716999790117
8.601174258037922,-3.348079268511583,-0.33480792685115834
8.607626751854905,-4.80164960662546,-0.48016496066254605
8.614079245671888,-9.152425792307213,-0.9152425792307213
8.62053173948887,-3.6309979176337492,-0.3630997917633749
8.626984233305853,-4.2112113585315,-0.42112113585315003
8.633436727122836,-6.443985138773542,-0.6443985138773543
8.639889220939818,-7.046142384535642,-0.7046142384535643
8.646341714756801,-6.799135374106527,-0.6799135374106527
8.652794208573784,-10.629114227797118,-1.0629114227797118
8.659246702390767,-6.268074894908068,-0.6268074894908069
8.665699196207749,-11.272735819718719,-1.127273581971872
8.672151690024732,-12.166633550229335,-1.2166633550229335
8.678604183841715,-11.61033672819076,-1.161033672819076
8.685056677658697,-6.963677539785067,-0.6963677539785067
8.69150917147568,-7.650480070759613,-0.7650480070759613
8.697961665292663,-10.672584572812639,-1.067258457281264
8.704414159109644,-4.666149523104423,-0.4666149523104423
8.710866652926628,-5.039255469539739,-0.503925546953974
8.71731914674361,-7.414219441427122,-0.7414219441427122
8.723771640560594,-6.75753096561607,-0.675753096561607
8.730224134377575,-7.945509229315348,-0.7945509229315348
8.736676628194559,-9.402069171325593,-0.9402069171325593
8.743129122011542,-10.917788621419504,-1.0917788621419504
8.749581615828523,-10.562051551909462,-1.0562051551909464
8.756034109645507,-10.607250945128044,-1.0607250945128044
8.76248660346249,-10.31808909248798,-1.031808909248798
8.768939097279473,-10.089709237814759,-1.008970923781476
8.775391591096454,-9.86021508529916,-0.986021508529916
8.781844084913438,-9.656567101199016,-0.9656567101199016
8.78829657873042,-9.441907601863704,-0.9441907601863705
8.794749072547402,-9.573531755453814,-0.9573531755453815
8.801201566364385,-9.499211466110864,-0.9499211466110865
8.807654060181369,-9.514581852119136,-0.9514581852119136
8.81410655399835,-9.539655506355984,-0.9539655506355985
8.820559047815333,-9.617016950674952,-0.9617016950674953
8.827011541632316,-9.647634407246187,-0.9647634407246187
8.8334640354493,-9.894646419457104,-0.9894646419457104
8.839916529266281,-10.04811059863664,-1.0048110598636641
8.846369023083264,-10.168879030045218,-1.016887903004522
8.852821516900248,-10.172016528961421,-1.0172016528961423
8.859274010717229,-9.982928202413177,-0.9982928202413177
8.865726504534212,-9.888243477022797,-0.9888243477022798
8.872178998351195,-9.66172500963853,-0.9661725009638531
8.878631492168179,-8.531518857499805,-0.8531518857499805
8.88508398598516,-5.399031955754481,-0.5399031955754481
8.891536479802143,-8.303247004392915,-0.8303247004392915
8.897988973619126,-8.335997660063413,-0.8335997660063413
8.904441467436108,-8.56427136452453,-0.8564271364524529
8.910893961253091,-8.880376720641152,-0.8880376720641152
8.917346455070074,-8.85725298407715,-0.885725298407715
8.923798948887057,-9.027243708349033,-0.9027243708349033
8.930251442704039,-9.214252137893027,-0.9214252137893028
8.936703936521022,-9.07486585638594,-0.9074865856385941
8.943156430338005,-8.83657865410214,-0.8836578654102141
8.949608924154987,-8.56053200949168,-0.8560532009491681
8.95606141797197,-8.696492829536282,-0.8696492829536283
8.962513911788953,-8.96006606896185,-0.8960066068961852
8.968966405605935,-8.96443614691725,-0.8964436146917252
8.975418899422918,-9.004801318524642,-0.9004801318524642
8.981871393239901,-8.926261247301454,-0.8926261247301455
8.988323887056884,-8.816002603571633,-0.8816002603571633
8.994776380873866,-8.738043424079478,-0.8738043424079479
9.001228874690849,-8.594342659445147,-0.8594342659445147
9.007681368507832,-8.322988243548707,-0.8322988243548708
9.014133862324814,-5.80034670123564,-0.580034670123564
9.020586356141797,-8.491448200073592,-0.8491448200073592
9.02703884995878,-9.410982467404892,-0.9410982467404893
9.033491343775763,-9.481238491993054,-0.9481238491993054
9.039943837592745,-9.666332678472145,-0.9666332678472145
9.046396331409728,-9.801792576164871,-0.9801792576164872
9.052848825226711,-9.865822930371905,-0.9865822930371906
9.059301319043692,-10.190667071457483,-1.0190667071457484
9.065753812860676,-10.387118173781118,-1.0387118173781118
9.072206306677659,-10.233993292852801,-1.02339932928528
9.078658800494642,-9.90830207756494,-0.9908302077564941
9.085111294311623,-10.189035117309459,-1.018903511730946
9.091563788128607,-9.646700183893927,-0.9646700183893927
9.09801628194559,-9.26414946449654,-0.926414946449654
9.104468775762571,-8.671102119420766,-0.8671102119420766
9.110921269579555,-9.063912265230329,-0.906391226523033
9.117373763396538,-9.095217334127028,-0.9095217334127028
9.12382625721352,-9.845215063836577,-0.9845215063836577
9.130278751030502,-10.55731880387907,-1.055731880387907
9.136731244847486,-10.371025022971935,-1.0371025022971936
9.143183738664469,-10.619823426253106,-1.0619823426253105
9.14963623248145,-12.066651550973575,-1.2066651550973575
9.156088726298433,-9.400398022183026,-0.9400398022183026
9.162541220115417,-12.055851973326071,-1.2055851973326073
9.168993713932398,-12.215694377703358,-1.2215694377703359
9.175446207749381,-10.306892978060432,-1.0306892978060433
9.181898701566364,-9.718576927995173,-0.9718576927995173
9.188351195383348,-11.918530351671052,-1.1918530351671053
9.194803689200329,-10.125907002086706,-1.0125907002086707
9.201256183017312,-9.640082952364537,-0.9640082952364537
9.207708676834296,-11.84262310609779,-1.184262310609779
9.214161170651277,-9.142539673516467,-0.9142539673516468
9.22061366446826,-8.961235792159414,-0.8961235792159414
9.227066158285243,-10.87033997348567,-1.087033997348567
9.233518652102225,-16.55784269670653,-1.655784269670653
9.239971145919208,-18.095414355327648,-1.8095414355327648
9.246423639736191,-17.039043920546874,-1.7039043920546875
9.252876133553174,-10.518823185739393,-1.0518823185739394
9.259328627370156,-7.114999475043305,-0.7114999475043305
9.265781121187139,-1.689692002278889,-0.16896920022788892
9.272233615004122,0.3940213516186759,0.039402135161867594
9.278686108821104,-0.7277786851266228,-0.07277786851266228
9.285138602638087,-4.631470705163565,-0.4631470705163565
9.29159109645507,-11.906042623774965,-1.1906042623774966
9.298043590272053,-12.653328975665318,-1.2653328975665319
9.304496084089035,-17.66014541387426,-1.7660145413874262
9.310948577906018,-19.575921202320615,-1.9575921202320616
9.317401071723001,-19.97398504571902,-1.997398504571902
9.323853565539983,-19.026391205245773,-1.9026391205245774
9.330306059356966,-16.97857424562676,-1.697857424562676
9.336758553173949,-12.614531441710596,-1.2614531441710597
9.343211046990932,-9.23978386728254,-0.923978386728254
9.349663540807914,-3.3341259583789906,-0.33341259583789906
9.356116034624897,-3.398509188361686,-0.33985091883616864
9.36256852844188,-2.646922065386889,-0.2646922065386889
9.369021022258861,-0.6874871761131089,-0.06874871761131089
9.375473516075845,-10.975731171900179,-1.097573117190018
9.381926009892828,-11.376236772575567,-1.1376236772575568
9.38837850370981,-17.974448522242483,-1.7974448522242483
9.394830997526793,-17.803198986491225,-1.7803198986491227
9.401283491343776,-13.828903287314915,-1.3828903287314915
9.407735985160759,-6.130761796379147,-0.6130761796379147
9.41418847897774,-3.982261426419882,-0.3982261426419882
9.420640972794724,-3.5509651838358423,-0.35509651838358425
9.427093466611707,-3.081436311930929,-0.30814363119309296
9.433545960428688,-5.89100544939447,-0.589100544939447
9.439998454245671,-16.659458276906207,-1.6659458276906207
9.446450948062655,-20.782552753546724,-2.0782552753546724
9.452903441879638,-21.314595106468232,-2.1314595106468235
9.45935593569662,-18.394033077773884,-1.8394033077773884
9.465808429513602,-10.134674453755679,-1.0134674453755679
9.472260923330586,-7.728455261906447,-0.7728455261906447
9.478713417147567,-5.013674328644811,-0.5013674328644812
9.48516591096455,-3.2585798668499137,-0.3258579866849914
9.491618404781534,-9.36813111258607,-0.9368131112586071
9.498070898598515,-16.533930610112975,-1.6533930610112977
9.504523392415498,-20.23698892812149,-2.023698892812149
9.510975886232481,-21.19932846886718,-2.119932846886718
9.517428380049465,-17.71365556728756,-1.771365556728756
9.523880873866446,-9.707882828140782,-0.9707882828140783
9.53033336768343,-6.701098497920384,-0.6701098497920385
9.536785861500412,-3.7467270040190215,-0.37467270040190215
9.543238355317394,-3.480129551398477,-0.3480129551398477
9.549690849134377,-5.766923142902442,-0.5766923142902443
9.55614334295136,-16.10369922339146,-1.6103699223391459
9.562595836768343,-17.84553161419376,-1.7845531614193761
9.569048330585325,-20.77888900917742,-2.077888900917742
9.575500824402308,-17.3812125435295,-1.73812125435295
9.581953318219291,-13.101041260370721,-1.3101041260370723
9.588405812036273,-4.685724146143684,-0.46857241461436844
9.594858305853256,-2.2635262695716847,-0.22635262695716848
9.60131079967024,-2.4246733692841644,-0.24246733692841646
9.607763293487222,-9.820895459446547,-0.9820895459446547
9.614215787304204,-16.7459679290007,-1.67459679290007
9.620668281121187,-18.73996815736541,-1.8739968157365412
9.62712077493817,-21.258936340039554,-2.1258936340039556
9.633573268755152,-15.893963221906915,-1.5893963221906917
9.640025762572135,-12.06023979761062,-1.2060239797610621
9.646478256389118,-7.920715923887428,-0.7920715923887429
9.6529307502061,-3.289802480502658,-0.3289802480502658
9.659383244023083,-2.9158385342364,-0.29158385342364
9.665835737840066,-9.74897452154687,-0.974897452154687
9.672288231657049,-12.341439044014123,-1.2341439044014124
9.67874072547403,-19.66366474931715,-1.9663664749317151
9.685193219291014,-22.591416454355794,-2.2591416454355797
9.691645713107997,-21.508918759062226,-2.1508918759062228
9.698098206924978,-12.193300599228905,-1.2193300599228907
9.704550700741962,-7.566707250052104,-0.7566707250052105
9.711003194558945,-5.15161279996596,-0.515161279996596
9.717455688375928,-4.856764757712654,-0.4856764757712654
9.72390818219291,-6.972414090876782,-0.6972414090876783
9.730360676009893,-11.60651080957382,-1.160651080957382
9.736813169826876,-19.408364314736446,-1.9408364314736446
9.743265663643857,-21.20686431071408,-2.1206864310714084
9.74971815746084,-20.89209251338866,-2.089209251338866
9.756170651277824,-11.692512274384626,-1.1692512274384625
9.762623145094807,-10.33481217150711,-1.033481217150711
9.769075638911788,-5.901961541883793,-0.5901961541883793
9.775528132728772,-4.3723064435021115,-0.4372306443502112
9.781980626545755,-4.910305431963707,-0.4910305431963707
9.788433120362736,-12.404631583430046,-1.2404631583430046
9.79488561417972,-16.96132114471493,-1.6961321144714931
9.801338107996703,-18.18259207340293,-1.818259207340293
9.807790601813684,-18.52770950333388,-1.8527709503333882
9.814243095630667,-17.169798485003867,-1.7169798485003867
9.82069558944765,-14.200234187697788,-1.420023418769779
9.827148083264634,-9.844255781800484,-0.9844255781800485
9.833600577081615,-5.865532182828019,-0.5865532182828019
9.840053070898598,-2.4843309538971425,-0.24843309538971425
9.846505564715581,-0.497107067933257,-0.049710706793325704
9.852958058532563,0.07943825071538413,0.007943825071538414
9.859410552349546,-0.08076582825560763,-0.008076582825560763
9.86586304616653,1.0252751764480763,0.10252751764480764
9.872315539983513,-5.275018704803415,-0.5275018704803415
9.878768033800494,-7.509777057876136,-0.7509777057876136
9.885220527617477,-15.553239966897763,-1.5553239966897765
9.89167302143446,-18.27611386043759,-1.827611386043759
9.898125515251442,-18.437823946891058,-1.8437823946891059
9.904578009068425,-11.76079028251388,-1.1760790282513882
9.911030502885408,-6.067159902661842,-0.6067159902661843
9.91748299670239,-3.140001997496938,-0.31400019974969384
9.923935490519373,-2.3924867930879827,-0.23924867930879828
9.930387984336356,-3.065656341107342,-0.30656563411073423
9.93684047815334,-11.268842748572979,-1.126884274857298
9.94329297197032,-16.64861733646353,-1.6648617336463531
9.949745465787304,-3.8228622781693957,-0.3822862278169396
9.956197959604287,0.39567582921631583,0.03956758292163159
9.962650453421269,-8.305988808025404,-0.8305988808025404
9.969102947238252,-10.78679477601304,-1.078679477601304
9.975555441055235,-0.04174469028362182,-0.0041744690283621825
9.982007934872218,-4.255928304828558,-0.4255928304828558
9.9884604286892,-18.29026417423097,-1.829026417423097
9.994912922506183,-13.869384191297968,-1.3869384191297969
10.001365416323166,1.8987441753722578,0.18987441753722578
10.007817910140147,-13.324497299833183,-1.3324497299833185
10.01427040395713,-17.20582717785578,-1.7205827177855781
10.020722897774114,-0.35656008636419756,-0.03565600863641976
10.027175391591097,-6.9741111837940934,-0.6974111183794094
10.033627885408078,-16.713604204556987,-1.6713604204556987
10.040080379225062,-1.2388261238463656,-0.12388261238463656
10.046532873042045,0.8821922664913018,0.08821922664913018
10.052985366859026,-12.473249591933609,-1.247324959193361
10.05943786067601,-6.17542148059033,-0.6175421480590331
10.065890354492993,0.180559179408192,0.0180559179408192
10.072342848309974,-9.964924658425389,-0.9964924658425389
10.078795342126957,-9.438193428249633,-0.9438193428249634
10.08524783594394,1.362444438184184,0.1362444438184184
10.091700329760924,-7.790938551327827,-0.7790938551327827
10.098152823577905,-14.014379357891357,-1.4014379357891358
10.104605317394888,0.7523332540379215,0.07523332540379216
10.111057811211872,-5.555761901680171,-0.5555761901680171
10.117510305028853,-11.2380836824791,-1.12380836824791
10.123962798845836,-1.9946159135545258,-0.1994615913554526
10.13041529266282,-4.355726887798255,-0.4355726887798255
10.136867786479803,-10.22901316910361,-1.022901316910361
10.143320280296784,-0.6775860443026431,-0.06775860443026431
10.149772774113767,-4.789930358093443,-0.4789930358093443
10.15622526793075,-8.15792067192956,-0.815792067192956
10.162677761747732,3.133590513459467,0.3133590513459467
10.169130255564715,-6.573187078604178,-0.6573187078604179
10.175582749381698,-5.313263128173958,-0.5313263128173958
10.18203524319868,3.5503243510506763,0.35503243510506766
10.188487737015663,-9.491886501630916,-0.9491886501630916
10.194940230832646,-1.0322776364507718,-0.10322776364507719
10.20139272464963,4.129195164161956,0.4129195164161956
10.20784521846661,-14.756302216200083,-1.4756302216200083
10.214297712283594,-8.80141164655015,-0.880141164655015
10.220750206100577,5.721167876741447,0.5721167876741448
10.227202699917559,-15.146743388109144,-1.5146743388109145
10.233655193734542,-1.9230498173558317,-0.1923049817355832
10.240107687551525,-0.8371665262641272,-0.08371665262641273
10.246560181368508,-9.112678078485487,-0.9112678078485488
10.25301267518549,4.0724772082210166,0.4072477208221017
10.259465169002473,-10.751189373413581,-1.075118937341358
10.265917662819456,-1.6240815669018502,-0.16240815669018505
10.272370156636438,1.9688573792561783,0.19688573792561784
10.27882265045342,-18.956083480548386,-1.8956083480548387
10.285275144270404,2.7475684559724414,0.27475684559724417
10.291727638087387,-4.073005877023434,-0.4073005877023434
10.298180131904369,-7.87198495478674,-0.787198495478674
10.304632625721352,-0.5600052474148924,-0.05600052474148925
10.311085119538335,-16.131830369150748,-1.6131830369150748
10.317537613355316,-9.196362016047487,-0.9196362016047488
10.3239901071723,5.7298690428081045,0.5729869042808104
10.330442600989283,1.6984823481091098,0.169848234810911
10.336895094806264,-12.43615495354129,-1.2436154953541292
10.343347588623248,-9.177373887182284,-0.9177373887182285
10.34980008244023,4.941776737736973,0.4941776737736973
10.356252576257214,1.1636223856639845,0.11636223856639845
10.362705070074195,-12.637833274582363,-1.2637833274582364
10.369157563891179,-9.564810372522743,-0.9564810372522743
10.375610057708162,4.046723876980423,0.40467238769804226
10.382062551525143,0.6682467411203561,0.06682467411203562
10.388515045342126,-13.760803852798063,-1.3760803852798063
10.39496753915911,4.267629761942089,0.42676297619420894
10.401420032976093,-16.497535711861246,-1.6497535711861246
10.407872526793074,-10.18917308908999,-1.0189173089089991
10.414325020610057,-6.340664631062509,-0.6340664631062509
10.42077751442704,-7.3198983943266285,-0.7319898394326629
10.427230008244022,1.9439055448542604,0.19439055448542605
10.433682502061005,-19.177170087805507,-1.9177170087805508
10.440134995877989,0.7511315881504288,0.07511315881504288
10.446587489694972,-13.731136397314685,-1.3731136397314687
10.453039983511953,1.5214203431539772,0.15214203431539775
10.459492477328936,-15.65421792735583,-1.5654217927355831
10.46594497114592,-5.981188614635585,-0.5981188614635585
10.472397464962901,-7.778829017637236,-0.7778829017637237
10.478849958779884,1.0400089666466101,0.10400089666466102
10.485302452596867,1.3301991689338593,0.13301991689338594
10.491754946413849,-6.952666442717373,-0.6952666442717373
10.498207440230832,-7.030361740915623,-0.7030361740915624
10.504659934047815,-14.711617648447145,-1.4711617648447146
10.511112427864798,-1.6890444652176484,-0.16890444652176484
10.51756492168178,-8.415960180800312,-0.8415960180800313
10.524017415498763,0.4131615164321829,0.041316151643218293
10.530469909315746,-14.628157250197319,-1.462815725019732
10.536922403132728,-7.674889234943976,-0.7674889234943976
10.543374896949711,-17.936135731502645,-1.7936135731502647
10.549827390766694,-3.534239467752286,-0.35342394677522865
10.556279884583677,-9.294486495825595,-0.9294486495825596
10.562732378400659,-0.8239574448066378,-0.08239574448066378
10.569184872217642,-12.18345233959667,-1.218345233959667
10.575637366034625,0.8956883816190384,0.08956883816190385
10.582089859851607,-7.632894115661429,-0.7632894115661429
10.58854235366859,-0.14061234718064952,-0.014061234718064954
10.594994847485573,-7.616976747927538,-0.7616976747927539
10.601447341302555,1.9689642339290003,0.19689642339290003
10.607899835119538,2.4932799405880814,0.24932799405880815
10.614352328936521,3.0495565777739557,0.3049556577773956
10.620804822753504,0.8451606041078321,0.08451606041078322
10.627257316570486,-7.2077995113188535,-0.7207799511318854
10.633709810387469,-0.3336300020373528,-0.03336300020373528
10.640162304204452,-7.05492922276494,-0.7054929222764941
10.646614798021433,2.0270763560670275,0.20270763560670277
10.653067291838417,-7.278097071400907,-0.7278097071400907
10.6595197856554,-0.09980411629953778,-0.009980411629953778
10.665972279472383,-0.43501913014983984,-0.04350191301498399
10.672424773289364,-1.7838612041189208,-0.17838612041189209
10.678877267106348,-1.366852268030243,-0.1366852268030243
10.68532976092333,-1.3825939256707898,-0.13825939256707898
10.691782254740312,2.3250763235657814,0.23250763235657815
10.698234748557296,-4.72974789658042,-0.47297478965804207
10.704687242374279,0.3385080576224482,0.03385080576224482
10.711139736191262,-2.884833346723326,-0.2884833346723326
10.717592230008243,-6.645791883008542,-0.6645791883008543
10.724044723825227,-1.157714538562459,-0.1157714538562459
10.73049721764221,-10.115156077616348,-1.0115156077616347
10.736949711459191,-5.82014386007836,-0.5820143860078361
10.743402205276174,-6.453819592998343,-0.6453819592998343
10.749854699093158,-9.69240801150113,-0.969240801150113
10.756307192910139,-2.374602301110599,-0.2374602301110599
10.762759686727122,-9.513916936949045,-0.9513916936949045
10.769212180544105,-4.984471047628858,-0.49844710476288584
10.775664674361089,-3.996603626731485,-0.39966036267314853
10.78211716817807,-6.288398427282345,-0.6288398427282346
10.788569661995053,-3.191538596414375,-0.31915385964143755
10.795022155812037,-4.458701807736816,-0.44587018077368157
10.801474649629018,-7.700384379892284,-0.7700384379892284
10.807927143446001,-0.9116613547344059,-0.0911661354734406
10.814379637262984,-6.726525992330153,-0.6726525992330153
10.820832131079968,-4.6723430940344315,-0.4672343094034432
10.827284624896949,-2.446256586902564,-0.2446256586902564
10.833737118713932,-1.741128302141533,-0.1741128302141533
10.840189612530915,-2.195960113069532,-0.2195960113069532
10.846642106347897,-1.080586717744609,-0.1080586717744609
10.85309460016488,-3.0326516650561643,-0.30326516650561647
10.859547093981863,-0.61612006193468,-0.06161200619346801
10.865999587798845,-1.0986950559242814,-0.10986950559242814
10.872452081615828,-0.016879754882438647,-0.0016879754882438648
10.878904575432811,0.8359540116032349,0.08359540116032349
10.885357069249794,-3.927501748683653,-0.39275017486836533
10.891809563066776,0.17513882576281503,0.017513882576281503
10.898262056883759,-1.3757405209723856,-0.13757405209723858
10.904714550700742,-0.6804151957992417,-0.06804151957992417
10.911167044517724,-0.5992558962482235,-0.059925589624822355
10.917619538334707,-1.7198435017487554,-0.17198435017487557
10.92407203215169,-0.6463199383283609,-0.06463199383283609
10.930524525968673,-1.309047948321222,-0.13090479483212222
10.936977019785655,-2.929452957116382,-0.29294529571163824
10.943429513602638,-0.3401837240194254,-0.03401837240194255
10.949882007419621,-1.991211001526608,-0.19912110015266082
10.956334501236602,-1.7845005489580217,-0.17845005489580218
10.962786995053586,-2.025160928513742,-0.2025160928513742
10.969239488870569,-1.9215209211968158,-0.1921520921196816
10.975691982687552,-3.8166467571772955,-0.38166467571772955
10.982144476504534,-4.1816531594683966,-0.4181653159468397
10.988596970321517,-4.094453189852857,-0.4094453189852857
10.9950494641385,-4.1315251197711405,-0.41315251197711406
11.001501957955481,-4.001400337290079,-0.4001400337290079
11.007954451772465,-3.8754583437419114,-0.38754583437419116
11.014406945589448,-3.8759270552307044,-0.38759270552307046
11.02085943940643,-3.636598973655282,-0.36365989736552823
11.027311933223412,-3.5278799436334793,-0.35278799436334796
11.033764427040396,-3.6165511467252145,-0.3616551146725215
11.040216920857379,-1.5613617474402872,-0.15613617474402874
11.04666941467436,-1.5280503056637826,-0.15280503056637829
11.053121908491343,-4.0984613883499605,-0.4098461388349961
11.059574402308327,-4.165837839267397,-0.41658378392673967
11.066026896125308,-4.143871814815384,-0.4143871814815384
11.072479389942291,-3.94283339786989,-0.39428333978698904
11.078931883759275,-3.8502445208546305,-0.3850244520854631
11.085384377576258,-1.2450243412010877,-0.12450243412010878
11.09183687139324,-3.262225292425228,-0.3262225292425228
11.098289365210222,-3.0968769307926323,-0.30968769307926325
11.104741859027206,-3.8972843461233424,-0.38972843461233425
11.111194352844187,-3.186424675322769,-0.31864246753227693
11.11764684666117,-3.202424014213193,-0.3202424014213193
11.124099340478153,-3.096434086631916,-0.3096434086631916
11.130551834295137,-3.126249212933317,-0.3126249212933317
11.137004328112118,-2.930418710914637,-0.2930418710914637
11.143456821929101,-2.8663635633422473,-0.28663635633422474
11.149909315746084,-2.8988653987944417,-0.2898865398794442
11.156361809563066,-3.1086676446918773,-0.31086676446918776
11.162814303380049,-3.8515574494838347,-0.3851557449483835
11.169266797197032,-4.187829845802298,-0.41878298458022983
11.175719291014014,-5.3902802363115825,-0.5390280236311583
11.182171784830997,-2.8551666549490164,-0.2855166654949017
11.18862427864798,-2.96180074988456,-0.296180074988456
11.195076772464963,-2.753009884044104,-0.2753009884044104
11.201529266281945,-4.3930854296313555,-0.4393085429631356
11.207981760098928,-4.09928969912653,-0.409928969912653
11.214434253915911,-0.7937018330287628,-0.07937018330287629
11.220886747732893,-2.7205527661187716,-0.2720552766118772
11.227339241549876,-2.666064093593377,-0.2666064093593377
11.233791735366859,-2.8089476809702774,-0.28089476809702774
11.240244229183842,-2.868300223142114,-0.28683002231421145
11.246696723000824,-3.1494786964924515,-0.31494786964924515
11.253149216817807,-3.259741613338292,-0.3259741613338292
11.25960171063479,-3.8731065422841766,-0.3873106542284177
11.266054204451772,-4.113118751553202,-0.4113118751553202
11.272506698268755,-4.167820627943684,-0.41678206279436836
11.278959192085738,-2.075195390003728,-0.2075195390003728
11.28541168590272,-3.8022655208887954,-0.38022655208887957
11.291864179719703,-2.814316714056986,-0.2814316714056986
11.298316673536686,-2.950554479713219,-0.2950554479713219
11.304769167353669,-3.116304322494898,-0.31163043224948983
11.31122166117065,-3.0524585808582287,-0.3052458580858229
11.317674154987634,-2.8492232094545216,-0.28492232094545217
11.324126648804617,-3.555872629254054,-0.35558726292540543
11.330579142621598,-2.847358464522358,-0.2847358464522358
11.337031636438581,-2.7582168997926146,-0.2758216899792615
11.343484130255565,-2.6025150505367947,-0.2602515050536795
11.349936624072548,-2.5824428463758977,-0.2582442846375898
11.35638911788953,-2.5939662015853173,-0.25939662015853177
11.362841611706513,-2.5898410980046265,-0.25898410980046266
11.369294105523496,-2.6682035261494548,-0.26682035261494547
11.375746599340477,-2.8014860074565604,-0.28014860074565606
11.38219909315746,-2.958777086670352,-0.2958777086670352
11.388651586974444,-2.9835494171106802,-0.298354941711068
11.395104080791427,-3.208739509640509,-0.3208739509640509
11.401556574608408,-1.550212898208656,-0.1550212898208656
11.408009068425391,-4.0469553138341325,-0.4046955313834133
11.414461562242375,-4.384984820739419,-0.43849848207394193
11.420914056059356,-4.340668666237207,-0.4340668666237207
11.42736654987634,-4.443742254589097,-0.4443742254589097
11.433819043693322,-4.286107105303245,-0.4286107105303245
11.440271537510304,-4.175186837135698,-0.4175186837135698
11.446724031327287,-3.9902757364695844,-0.39902757364695846
11.45317652514427,-3.9321723655741607,-0.3932172365574161
11.459629018961254,-3.8384803321139316,-0.38384803321139316
11.466081512778235,-3.6723800326010405,-0.3672380032601041
11.472534006595218,-3.943272750099595,-0.39432727500995957
11.478986500412201,-8.90443915817491,-0.890443915817491
11.485438994229183,-12.702020060415862,-1.2702020060415862
11.491891488046166,-12.554750979074242,-1.2554750979074243
11.49834398186315,-5.446764958464655,-0.5446764958464655
11.504796475680132,-0.16353188090101867,-0.016353188090101868
11.511248969497114,4.885864226734839,0.4885864226734839
11.517701463314097,6.838003821124175,0.6838003821124176
11.52415395713108,4.521129387329665,0.45211293873296654
11.530606450948062,-1.5030808770422937,-0.15030808770422938
11.537058944765045,-7.989455074251737,-0.7989455074251737
11.543511438582028,-11.188162596647999,-1.1188162596648
11.54996393239901,-10.882766686674586,-1.0882766686674585
11.556416426215993,-3.667286939871019,-0.36672869398710195
11.562868920032976,-2.8070519502350635,-0.2807051950235064
11.56932141384996,3.6590156407949053,0.36590156407949054
11.57577390766694,5.223333688508546,0.5223333688508547
11.582226401483924,7.036609700769759,0.7036609700769759
11.588678895300907,-0.4941825857326876,-0.04941825857326876
11.595131389117888,-9.588680601732221,-0.9588680601732222
11.601583882934872,-11.584287027450728,-1.1584287027450728
11.608036376751855,-13.184623719860383,-1.3184623719860384
11.614488870568838,-8.13471969595912,-0.8134719695959121
11.62094136438582,-3.7570607086151995,-0.37570607086151997
11.627393858202803,3.0015160853188263,0.30015160853188266
11.633846352019786,7.236527015734055,0.7236527015734056
11.640298845836767,5.587826683415415,0.5587826683415414
11.64675133965375,-0.8077800760820537,-0.08077800760820537
11.653203833470734,-6.922249006347329,-0.692224900634733
11.659656327287717,-9.517828597754715,-0.9517828597754715
11.666108821104698,-10.886482999952705,-1.0886482999952705
11.672561314921682,-10.208167051867122,-1.0208167051867123
11.679013808738665,-2.837495738159987,-0.2837495738159987
11.685466302555646,4.385536503144749,0.4385536503144749
11.69191879637263,5.781278857056577,0.5781278857056578
11.698371290189613,5.122828865763722,0.5122828865763722
11.704823784006594,-4.170727402410421,-0.41707274024104213
11.711276277823577,-5.755585707122236,-0.5755585707122236
11.71772877164056,-11.837006342452014,-1.1837006342452014
11.724181265457544,-12.718987670487422,-1.2718987670487423
11.730633759274525,-10.691840713919873,-1.0691840713919873
11.737086253091508,-2.4748754623631157,-0.24748754623631158
11.743538746908492,3.4832766405663733,0.34832766405663734
11.749991240725473,5.188910256959616,0.5188910256959617
11.756443734542456,5.0636238633073845,0.5063623863307385
11.76289622835944,-2.2334016917586723,-0.22334016917586724
11.769348722176423,-6.17216726592892,-0.6172167265928921
11.775801215993404,-10.131772713925102,-1.0131772713925102
11.782253709810387,-11.234483449288064,-1.1234483449288064
11.78870620362737,-10.10170423105933,-1.010170423105933
11.795158697444352,-2.870236435672041,-0.2870236435672041
11.801611191261335,0.29266526267815607,0.029266526267815608
11.808063685078318,6.728639903348494,0.6728639903348494
11.814516178895301,6.478248240602852,0.6478248240602853
11.820968672712283,3.9520452494004985,0.3952045249400499
11.827421166529266,-7.111147988548737,-0.7111147988548737
11.83387366034625,-11.726772847526945,-1.1726772847526945
11.84032615416323,-12.973225533746245,-1.2973225533746247
11.846778647980214,-11.043853770561782,-1.1043853770561782
11.853231141797197,-5.57964985007311,-0.5579649850073111
11.859683635614179,-3.4204839616597837,-0.3420483961659784
11.866136129431162,-0.0853791075621757,-0.00853791075621757
11.872588623248145,5.0101112944398665,0.5010111294439866
11.879041117065128,4.963157030971615,0.49631570309716155
11.88549361088211,7.159590267131762,0.7159590267131762
11.891946104699093,7.522764687804965,0.7522764687804966
11.898398598516076,4.957873204006091,0.49578732040060913
11.904851092333057,-1.434408840012793,-0.1434408840012793
11.91130358615004,-5.377576364088327,-0.5377576364088327
11.917756079967024,-7.282239407368934,-0.7282239407368934
11.924208573784007,-10.276456398768232,-1.0276456398768232
11.930661067600989,-10.64731220530598,-1.064731220530598
11.937113561417972,-5.601127363974911,-0.560112736397491
11.943566055234955,-1.4500931102991217,-0.14500931102991219
11.950018549051936,4.286837564631696,0.42868375646316964
11.95647104286892,5.240527281568575,0.5240527281568576
11.962923536685903,6.950943284172126,0.6950943284172126
11.969376030502884,-2.5920526093286753,-0.25920526093286755
11.975828524319867,-8.815260164150459,-0.8815260164150459
11.98228101813685,-11.45389464377422,-1.145389464377422
11.988733511953834,-12.406340039777433,-1.2406340039777435
11.995186005770815,-11.151420287049177,-1.1151420287049179
12.001638499587798,-3.4534318280338994,-0.34534318280338994
12.008090993404782,2.598247163498627,0.2598247163498627
12.014543487221763,4.332462629444535,0.43324626294445356
12.020995981038746,6.695161228840107,0.6695161228840107
12.02744847485573,-1.7620694885065404,-0.17620694885065405
12.033900968672713,-5.618240352113162,-0.5618240352113162
12.040353462489694,-9.811465281780556,-0.9811465281780557
12.046805956306677,-10.56713780936002,-1.056713780936002
12.05325845012366,-8.944197210556013,-0.8944197210556013
12.059710943940642,-0.7515356469396011,-0.07515356469396012
12.066163437757625,2.5642964955736716,0.2564296495573672
12.072615931574608,6.1930422418197395,0.619304224181974
12.079068425391592,6.586719167600904,0.6586719167600905
12.085520919208573,3.711340170021458,0.3711340170021458
12.091973413025556,-4.4244315779949375,-0.4424431577994938
12.09842590684254,-6.808955075610584,-0.6808955075610584
12.104878400659521,-9.92147347883133,-0.9921473478831331
12.111330894476504,-7.677080625226381,-0.7677080625226381
12.117783388293487,-3.979641531687321,-0.3979641531687321
12.124235882110469,5.862156336090038,0.5862156336090039
12.130688375927452,8.235350768947,0.8235350768947001
12.137140869744435,9.257666428906987,0.9257666428906988
12.143593363561418,8.243694106711473,0.8243694106711473
12.1500458573784,-5.358904180789068,-0.5358904180789068
12.156498351195383,-8.439971000170999,-0.8439971000170999
12.162950845012366,7.9290013086786075,0.7929001308678608
12.169403338829348,3.6271613617579987,0.3627161361757999
12.17585583264633,-5.413786194620343,-0.5413786194620344
12.182308326463314,-3.4856361756912975,-0.3485636175691298
12.188760820280297,6.7898110262106,0.67898110262106
12.195213314097279,-0.9454949796606797,-0.09454949796606799
12.201665807914262,-11.360558537899124,-1.1360558537899124
12.208118301731245,-2.680646599608508,-0.2680646599608508
12.214570795548227,2.6419314734359887,0.2641931473435989
12.22102328936521,-11.684721615157741,-1.1684721615157743
12.227475783182193,-5.67497079476766,-0.567497079476766
12.233928276999174,6.409056447375633,0.6409056447375634
12.240380770816158,-6.415744987935113,-0.6415744987935114
12.24683326463314,-11.271034238797256,-1.1271034238797257
12.253285758450124,4.416539019825677,0.44165390198256776
12.259738252267105,-3.6241235792133466,-0.3624123579213347
12.266190746084089,-12.879878436964418,-1.2879878436964418
12.272643239901072,3.586538264918545,0.3586538264918545
12.279095733718053,6.934240195044595,0.6934240195044595
12.285548227535037,-12.972527610992984,-1.2972527610992985
12.29200072135202,-0.5212253908073308,-0.05212253908073308
12.298453215169003,4.2997888482289,0.42997888482289004
12.304905708985984,-11.86856281649375,-1.186856281649375
12.311358202802968,-2.928183165485507,-0.2928183165485507
12.31781069661995,3.8080320602086886,0.38080320602086887
12.324263190436932,-9.116166673851922,-0.9116166673851922
12.330715684253915,-3.736976943500622,-0.3736976943500622
12.337168178070899,6.360237376890154,0.6360237376890154
12.343620671887882,-8.469549368626303,-0.8469549368626303
12.350073165704863,-2.191043484816646,-0.2191043484816646
12.356525659521846,5.490472609524431,0.5490472609524432
12.36297815333883,-8.7570378446228,-0.8757037844622801
12.369430647155811,-12.877827814620787,-1.2877827814620788
12.375883140972794,-0.2997211990480082,-0.029972119904800823
12.382335634789778,4.831498431668251,0.48314984316682513
12.388788128606759,0.5424441006925917,0.054244410069259175
12.395240622423742,-12.743766131302891,-1.2743766131302892
12.401693116240725,-12.502096357494565,-1.2502096357494565
12.408145610057709,2.085529747434748,0.2085529747434748
12.41459810387469,4.1684687109884635,0.4168468710988464
12.421050597691673,-3.3802730166992205,-0.33802730166992206
12.427503091508656,-14.493427735466184,-1.4493427735466184
12.433955585325638,-6.964658020528304,-0.6964658020528305
12.440408079142621,5.413885934257223,0.5413885934257223
12.446860572959604,-6.946227711368238,-0.6946227711368238
12.453313066776587,-13.892919961524285,-1.3892919961524286
12.459765560593569,5.888439591361248,0.5888439591361249
12.466218054410552,-13.167239005683541,-1.3167239005683542
12.472670548227535,-10.073033147537444,-1.0073033147537445
12.479123042044517,6.047234899073601,0.6047234899073601
12.4855755358615,-14.832331992558466,-1.4832331992558467
12.492028029678483,-1.253744297537196,-0.1253744297537196
12.498480523495465,-2.435825931786212,-0.24358259317862122
12.504933017312448,-7.402937215686734,-0.7402937215686735
12.511385511129431,3.1694952457248746,0.3169495245724875
12.517838004946414,-11.767411050059764,-1.1767411050059764
12.524290498763396,4.43095982851878,0.44309598285187807
12.530742992580379,5.69738612243259,0.5697386122432591
12.537195486397362,-13.360474604356796,-1.3360474604356796
12.543647980214343,7.773254536617287,0.7773254536617288
12.550100474031327,-14.103274729787017,-1.4103274729787019
12.55655296784831,1.0222758163452,0.10222758163452
12.563005461665293,-4.912508804869958,-0.49125088048699583
12.569457955482275,-0.8828117164941887,-0.08828117164941887
12.575910449299258,4.294450497940716,0.4294450497940716
12.582362943116241,-14.777661656670944,-1.4777661656670944
12.588815436933222,6.55488624865734,0.655488624865734
12.595267930750206,-6.268078973508636,-0.6268078973508637
12.601720424567189,0.040985580495316754,0.004098558049531675
12.608172918384172,6.507445370126561,0.6507445370126561
12.614625412201153,-13.454410822311502,-1.3454410822311502
12.621077906018137,6.065276510976446,0.6065276510976446
12.62753039983512,-8.323574130934048,-0.8323574130934048
12.633982893652101,5.622626857770683,0.5622626857770684
12.640435387469084,-12.57734539153239,-1.257734539153239
12.646887881286068,-5.342713174333312,-0.5342713174333312
12.653340375103049,-1.3660743943362377,-0.13660743943362377
12.659792868920032,-0.846824610952126,-0.0846824610952126
12.666245362737016,6.4898731880691685,0.6489873188069168
12.672697856553999,-10.754238469499796,-1.0754238469499797
12.67915035037098,1.8547682541318409,0.1854768254131841
12.685602844187963,-14.80238981765524,-1.480238981765524
12.692055338004947,4.412918683596217,0.44129186835962175
12.698507831821928,-14.675459072074318,-1.467545907207432
12.704960325638911,1.6816530856740428,0.1681653085674043
12.711412819455894,-10.903928123869946,-1.0903928123869946
12.717865313272878,4.276691807612906,0.4276691807612906
12.724317807089859,-4.445186707460607,-0.4445186707460607
12.730770300906842,4.504758372777587,0.45047583727775875
12.737222794723825,-12.465562794143125,-1.2465562794143126
12.743675288540807,-0.46454858849369884,-0.04645485884936989
12.75012778235779,-7.149519233527599,-0.7149519233527599
12.756580276174773,6.301714450203008,0.6301714450203009
12.763032769991757,-3.3538521698944805,-0.33538521698944807
12.769485263808738,3.9009840907424405,0.3900984090742441
12.775937757625721,-13.129279304473812,-1.3129279304473813
12.782390251442704,0.03115000089496789,0.003115000089496789
12.788842745259686,-12.72337647712925,-1.2723376477129251
12.795295239076669,2.2783204535567165,0.22783204535567167
12.801747732893652,-9.616799273293509,-0.9616799273293509
12.808200226710634,3.1744119778925324,0.3174411977892533
12.814652720527617,-7.757201102937643,-0.7757201102937643
12.8211052143446,3.4763429800607355,0.3476342980060736
12.827557708161583,-7.365371312819207,-0.7365371312819207
12.834010201978565,3.738589844056378,0.3738589844056378
12.840462695795548,-6.894843819685548,-0.6894843819685548
12.846915189612531,-4.074313922520787,-0.4074313922520787
12.853367683429513,-6.140091294333615,-0.6140091294333616
12.859820177246496,-4.332756289443978,-0.4332756289443978
12.866272671063479,0.44757179782050116,0.04475717978205012
12.872725164880462,-5.158902903679291,-0.5158902903679291
12.879177658697444,-7.631331741631357,-0.7631331741631358
12.885630152514427,0.012853098510959171,0.0012853098510959172
12.89208264633141,-6.74614887970597,-0.6746148879705971
12.898535140148391,-4.353046569504613,-0.43530465695046133
12.904987633965375,-1.0918755180484823,-0.10918755180484824
12.911440127782358,-7.734029562838032,-0.7734029562838032
12.91789262159934,-3.060102227679863,-0.30601022276798634
12.924345115416322,-1.6129782645232353,-0.16129782645232354
12.930797609233306,-9.807817284947532,-0.9807817284947533
12.937250103050289,-3.660564000696013,-0.36605640006960133
12.94370259686727,-1.6702804043195556,-0.16702804043195557
12.950155090684254,-9.682327601624593,-0.9682327601624593
12.956607584501237,-3.9113479848308543,-0.39113479848308547
12.963060078318218,-1.418886928672464,-0.1418886928672464
12.969512572135201,-6.446119945318742,-0.6446119945318742
12.975965065952185,-2.758963117758185,-0.2758963117758185
12.982417559769168,-9.459200332661794,-0.9459200332661795
12.98887005358615,-2.8636266525513747,-0.2863626652551375
12.995322547403132,-2.3942663047284896,-0.23942663047284896
13.001775041220116,-5.390401238171535,-0.5390401238171535
13.008227535037097,-0.5857665602084126,-0.05857665602084126
13.01468002885408,-2.1050651993245992,-0.21050651993245995
13.021132522671063,-3.2970472716799577,-0.3297047271679958
13.027585016488047,0.9238162651074617,0.09238162651074618
13.034037510305028,-2.331538781884092,-0.23315387818840919
13.040490004122011,-1.9981340716160503,-0.19981340716160503
13.046942497938995,-1.1589990632905938,-0.11589990632905939
13.053394991755976,-2.425181600131282,-0.2425181600131282
13.05984748557296,-4.757794716847229,-0.47577947168472295
13.066299979389942,-1.7055447491979976,-0.17055447491979978
13.072752473206924,-7.276730389352679,-0.7276730389352679
13.079204967023907,-2.465472517672424,-0.24654725176724243
13.08565746084089,-3.0821338184696287,-0.3082133818469629
13.092109954657873,-4.85411915843315,-0.485411915843315
13.098562448474855,-7.311665745851542,-0.7311665745851542
13.105014942291838,-2.8227955380821186,-0.28227955380821185
13.111467436108821,-4.215543034888924,-0.42155430348889245
13.117919929925803,-4.524315378719848,-0.4524315378719848
13.124372423742786,-3.4570862820503407,-0.3457086282050341
13.130824917559769,-4.362987254642803,-0.43629872546428033
13.137277411376752,-4.878838473113092,-0.4878838473113092
13.143729905193734,-2.4223992065149105,-0.24223992065149105
13.150182399010717,-1.560449289176404,-0.1560449289176404
13.1566348928277,-1.9280538487059857,-0.1928053848705986
13.163087386644682,-2.470352286924708,-0.24703522869247083
13.169539880461665,-4.442360471638722,-0.4442360471638722
13.175992374278648,-2.746234520503549,-0.27462345205035493
13.18244486809563,-1.5743113403964344,-0.15743113403964346
13.188897361912613,-5.917837747008207,-0.5917837747008207
13.195349855729596,-6.18054164376349,-0.6180541643763491
13.201802349546579,-6.123917840415061,-0.6123917840415061
13.20825484336356,-6.056582404220762,-0.6056582404220763
13.214707337180544,-5.98690511171344,-0.5986905111713441
13.221159830997527,-5.254531259046644,-0.5254531259046644
13.227612324814508,-5.102133519328163,-0.5102133519328164
13.234064818631492,-5.535860688179355,-0.5535860688179355
13.240517312448475,-5.026867187085145,-0.5026867187085146
13.246969806265458,-2.9152946049321145,-0.29152946049321143
13.25342230008244,-5.46171806088546,-0.546171806088546
13.259874793899423,-5.589895741040891,-0.5589895741040891
13.266327287716406,-5.579917427588725,-0.5579917427588725
13.272779781533387,-5.835566015379072,-0.5835566015379072
13.27923227535037,-5.546971213664619,-0.554697121366462
13.285684769167354,-5.43786298335317,-0.5437862983353171
13.292137262984337,-5.512679776265486,-0.5512679776265487
13.298589756801318,-3.2807090704257007,-0.3280709070425701
13.305042250618301,-5.4904442545851,-0.54904442545851
13.311494744435285,-3.6760194846090144,-0.36760194846090144
13.317947238252266,-5.853573527237359,-0.5853573527237359
13.32439973206925,-6.21826638649668,-0.621826638649668
13.330852225886233,-6.211135591126094,-0.6211135591126095
13.337304719703214,-6.1887332580954535,-0.6188733258095453
13.343757213520197,-6.092945892288753,-0.6092945892288754
13.35020970733718,-5.925066232597828,-0.5925066232597829
13.356662201154164,-5.935159667270682,-0.5935159667270682
13.363114694971145,-5.913901315715293,-0.5913901315715293
13.369567188788128,-5.851863853238456,-0.5851863853238456
13.376019682605111,-5.915223754829867,-0.5915223754829867
13.382472176422093,-5.924239635476852,-0.5924239635476852
13.388924670239076,-6.017477304776776,-0.6017477304776776
13.39537716405606,-6.2730824662301075,-0.6273082466230108
13.401829657873042,-6.2833135336125,-0.62833135336125
13.408282151690024,-5.998105025189716,-0.5998105025189716
13.414734645507007,-6.125626166873872,-0.6125626166873872
13.42118713932399,-6.126323502326841,-0.6126323502326841
13.427639633140972,-6.004736004480719,-0.600473600448072
13.434092126957955,-5.810888014202419,-0.5810888014202419
13.440544620774938,-5.78618170339837,-0.578618170339837
13.446997114591921,-5.901647545554397,-0.5901647545554397
13.453449608408903,-5.349230821992251,-0.5349230821992251
13.459902102225886,-5.19851830973721,-0.519851830973721
13.46635459604287,-5.124082687722421,-0.5124082687722421
13.47280708985985,-4.990254471789285,-0.49902544717892855
13.479259583676834,-5.47426337992033,-0.5474263379920331
13.485712077493817,-3.40327080797465,-0.340327080797465
13.492164571310798,-5.60857818900422,-0.560857818900422
13.498617065127782,-5.741046388524637,-0.5741046388524638
13.505069558944765,-5.938144038671226,-0.5938144038671226
13.511522052761748,-6.042623217648725,-0.6042623217648725
13.51797454657873,-6.115306380021366,-0.6115306380021366
13.524427040395713,-6.046354641892776,-0.6046354641892777
13.530879534212696,-5.998502110836398,-0.5998502110836398
13.537332028029677,-5.973787402816242,-0.5973787402816243
13.54378452184666,-5.58495375683583,-0.558495375683583
13.550237015663644,-5.325838470055487,-0.5325838470055487
13.556689509480627,-5.342434158240394,-0.5342434158240394
13.563142003297608,-5.275115208154602,-0.5275115208154603
13.569594497114592,-4.970754150980383,-0.4970754150980383
13.576046990931575,-5.5433966864841295,-0.554339668648413
13.582499484748556,-3.1491163170715026,-0.3149116317071503
13.58895197856554,-5.56329733757525,-0.556329733757525
13.595404472382523,-5.667237675263777,-0.5667237675263778
13.601856966199504,-6.100829415580165,-0.6100829415580166
13.608309460016487,-6.257046542494436,-0.6257046542494437
13.61476195383347,-6.237696170501749,-0.623769617050175
13.621214447650454,-6.2522485016056635,-0.6252248501605664
13.627666941467435,-6.253578165903036,-0.6253578165903037
13.634119435284418,-5.716968078816308,-0.5716968078816308
13.640571929101402,-5.63471619581469,-0.563471619581469
13.647024422918383,-4.58934567983556,-0.45893456798355603
13.653476916735366,-3.536533687889232,-0.35365336878892323
13.65992941055235,-3.3360956451549555,-0.33360956451549556
13.666381904369333,-2.765325223120044,-0.2765325223120044
13.672834398186314,-2.835107423784166,-0.2835107423784166
13.679286892003297,-2.836797844930743,-0.2836797844930743
13.68573938582028,-6.244615775220836,-0.6244615775220836
13.692191879637262,-10.45228596808579,-1.045228596808579
13.698644373454245,-12.916008218547859,-1.2916008218547859
13.705096867271228,-9.451295088036431,-0.9451295088036432
13.711549361088212,-5.3623937748443495,-0.536239377484435
13.718001854905193,1.804719560349895,0.1804719560349895
13.724454348722176,3.882053752672846,0.3882053752672846
13.73090684253916,4.2173805668141995,0.42173805668141995
13.73735933635614,-0.4859865374603487,-0.04859865374603487
13.743811830173124,-5.161872475634482,-0.5161872475634482
13.750264323990107,-10.366412639449663,-1.0366412639449665
13.756716817807089,-13.475508996696135,-1.3475508996696135
13.763169311624072,-12.760038867709,-1.2760038867709
13.769621805441055,-6.160921069098322,-0.6160921069098322
13.776074299258038,0.4862808975935877,0.04862808975935878
13.78252679307502,2.4804099446205328,0.2480409944620533
13.788979286892003,3.688122490477326,0.36881224904773263
13.795431780708986,4.844013514601784,0.4844013514601784
13.801884274525968,-4.485427066579405,-0.4485427066579405
13.80833676834295,-10.090617509839149,-1.0090617509839148
13.814789262159934,-11.487522511941961,-1.148752251194196
13.821241755976917,-11.465703121930801,-1.1465703121930801
13.827694249793899,-4.50511525017896,-0.45051152501789604
13.834146743610882,1.4865637504337883,0.14865637504337884
13.840599237427865,4.336974086721739,0.4336974086721739
13.847051731244846,4.8501056013863035,0.48501056013863036
13.85350422506183,3.463481715075204,0.34634817150752045
13.859956718878813,-4.5360635264491975,-0.4536063526449198
13.866409212695794,-7.7565808776787435,-0.7756580877678744
13.872861706512778,-12.006417820288334,-1.2006417820288335
13.87931420032976,-12.348495739513282,-1.2348495739513283
13.885766694146744,-9.582476571917823,-0.9582476571917824
13.892219187963725,-2.194725289706639,-0.21947252897066394
13.898671681780709,2.8567566773372164,0.28567566773372166
13.905124175597692,3.4201533854959507,0.3420153385495951
13.911576669414673,5.5990289698384,0.5599028969838401
13.918029163231656,1.8422636525090184,0.18422636525090186
13.92448165704864,-1.780714428826741,-0.1780714428826741
13.930934150865623,-3.338980498418323,-0.3338980498418323
13.937386644682604,-6.094542462249819,-0.609454246224982
13.943839138499587,-10.641697686872476,-1.0641697686872476
13.95029163231657,-12.01962191889561,-1.201962191889561
13.956744126133552,-12.347513507340636,-1.2347513507340637
13.963196619950535,-11.550363488746143,-1.1550363488746143
13.969649113767519,-9.065543118682626,-0.9065543118682626
13.976101607584502,-4.608469341683531,-0.4608469341683531
13.982554101401483,4.390493130771802,0.4390493130771802
13.989006595218466,6.54914639568392,0.654914639568392
13.99545908903545,5.232300257790257,0.5232300257790258
14.001911582852431,3.1126581650148637,0.3112658165014864
14.008364076669414,-4.313639952044923,-0.4313639952044923
14.014816570486397,-8.70892257218702,-0.8708922572187021
14.021269064303379,-10.283795330493149,-1.0283795330493148
14.027721558120362,-9.470239988947242,-0.9470239988947242
14.034174051937345,-3.019399966433639,-0.3019399966433639
14.040626545754328,1.206610566410518,0.12066105664105181
14.04707903957131,7.0027135313953295,0.700271353139533
14.053531533388293,7.660470260512966,0.7660470260512966
14.059984027205276,6.746735124296492,0.6746735124296492
14.066436521022258,-1.3509992007491292,-0.13509992007491292
14.072889014839241,-6.962782450351142,-0.6962782450351143
14.079341508656224,-9.148795723383273,-0.9148795723383274
14.085794002473207,-9.08379527876832,-0.9083795278768321
14.092246496290189,-2.8153326014332833,-0.28153326014332836
14.098698990107172,3.6855641268730324,0.36855641268730327
14.105151483924155,6.203277065771772,0.6203277065771773
14.111603977741137,7.309934146125897,0.7309934146125898
14.11805647155812,6.22251674842596,0.622251674842596
14.124508965375103,-2.066306682592767,-0.20663066825927673
14.130961459192086,-4.836960289659828,-0.48369602896598285
14.137413953009068,-7.446768934604506,-0.7446768934604506
14.14386644682605,-9.217143410654899,-0.9217143410654899
14.150318940643034,-7.355346141648852,-0.7355346141648852
14.156771434460016,0.8754324575477312,0.08754324575477312
14.163223928276999,6.661076282339764,0.6661076282339764
14.169676422093982,7.5111914549927405,0.751119145499274
14.176128915910963,6.461913540018713,0.6461913540018713
14.182581409727947,1.0711897415064868,0.1071189741506487
14.18903390354493,-3.8412231296767914,-0.3841223129676792
14.195486397361913,-4.870423912378328,-0.48704239123783283
14.201938891178894,-7.463338163435537,-0.7463338163435538
14.208391384995878,-4.815061424839087,-0.48150614248390866
14.21484387881286,2.570284920981294,0.2570284920981294
14.221296372629842,6.607371785641817,0.6607371785641818
14.227748866446825,6.974794999326832,0.6974794999326832
14.234201360263809,6.751607971560361,0.6751607971560362
14.240653854080792,-0.12102999539251869,-0.012102999539251869
14.247106347897773,-8.234739791579159,-0.823473979157916
14.253558841714757,-12.096331607885759,-1.209633160788576
14.26001133553174,-12.61954443669515,-1.2619544436695151
14.266463829348721,-8.763699819185376,-0.8763699819185377
14.272916323165704,-0.9282448617736918,-0.09282448617736919
14.279368816982688,4.774350286829076,0.47743502868290766
14.285821310799669,5.807971741868414,0.5807971741868414
14.292273804616652,4.540914838667732,0.45409148386677317
14.298726298433635,3.7354204221780947,0.3735420422178095
14.305178792250619,-6.100944605763971,-0.6100944605763972
14.3116312860676,-10.520021180526555,-1.0520021180526555
14.318083779884583,-10.93298673660479,-1.093298673660479
14.324536273701566,-7.827311978582202,-0.7827311978582202
14.330988767518548,-0.5196461672035184,-0.051964616720351846
14.337441261335531,2.5545552590690477,0.2554555259069048
14.343893755152514,5.511958315797301,0.5511958315797302
14.350346248969498,4.190960200655809,0.4190960200655809
14.356798742786479,0.5239820974661598,0.05239820974661598
14.363251236603462,-10.842725016651684,-1.0842725016651684
14.369703730420445,-10.246144667327371,-1.0246144667327373
14.376156224237427,7.489969655363666,0.7489969655363666
14.38260871805441,-3.6454691871197156,-0.3645469187119716
14.389061211871393,-11.408462070981614,-1.1408462070981613
14.395513705688376,2.610913558541597,0.2610913558541597
14.401966199505358,3.5702611113390503,0.35702611113390503
14.408418693322341,-8.040934958882872,-0.8040934958882873
14.414871187139324,-12.271784389479535,-1.2271784389479536
14.421323680956306,-6.856275178352462,-0.6856275178352462
14.427776174773289,2.5092524648591734,0.25092524648591735
14.434228668590272,6.4213036202584135,0.6421303620258414
14.440681162407254,-0.6018832699246559,-0.060188326992465596
14.447133656224237,-7.05910530851429,-0.7059105308514291
14.45358615004122,-10.402701150115035,-1.0402701150115037
14.460038643858203,-3.6677946983370475,-0.3667794698337048
14.466491137675185,5.501899320876646,0.5501899320876646
14.472943631492168,5.142344535124494,0.5142344535124493
14.479396125309151,-2.174005222844926,-0.21740052228449258
14.485848619126132,-6.378540094882055,-0.6378540094882056
14.492301112943116,6.28548252684277,0.628548252684277
14.498753606760099,2.1196116095102298,0.211961160951023
14.505206100577082,-11.899034146508484,-1.1899034146508485
14.511658594394063,5.6697409596752095,0.566974095967521
14.518111088211047,5.260014320054324,0.5260014320054325
14.52456358202803,-12.894210938705783,-1.2894210938705783
14.531016075845011,6.015170359593185,0.6015170359593185
14.537468569661995,6.936997340288826,0.6936997340288826
14.543921063478978,-12.593848377824543,-1.2593848377824544
14.55037355729596,5.526518859181579,0.5526518859181578
14.556826051112942,8.43729209429489,0.843729209429489
14.563278544929926,-12.026416726410389,-1.202641672641039
14.569731038746909,5.079378020772083,0.5079378020772083
14.57618353256389,8.698872139918194,0.8698872139918195
14.582636026380873,-12.429491112146252,-1.2429491112146254
14.589088520197857,5.620100210003102,0.5620100210003102
14.595541014014838,9.017034696053315,0.9017034696053315
14.601993507831821,-11.623027266574127,-1.1623027266574126
14.608446001648804,5.419607183004018,0.5419607183004018
14.614898495465788,8.565143378107905,0.8565143378107906
14.621350989282769,-10.059584743594542,-1.0059584743594543
14.627803483099752,0.6606515040518843,0.06606515040518844
14.634255976916736,8.727648572262751,0.8727648572262752
14.640708470733717,-5.145111782341928,-0.5145111782341928
14.6471609645507,6.245761970063768,0.6245761970063768
14.653613458367683,5.409335848984483,0.5409335848984483
14.660065952184667,-2.3134883619841276,-0.23134883619841276
14.666518446001648,10.923354490465726,1.0923354490465726
14.672970939818631,-1.6863079085808295,-0.16863079085808297
14.679423433635614,3.069638652182448,0.3069638652182448
14.685875927452596,10.666081380825744,1.0666081380825745
14.692328421269579,-7.834619256077303,-0.7834619256077304
14.698780915086562,7.493612512844948,0.7493612512844948
14.705233408903544,8.65284981011905,0.8652849810119051
14.711685902720527,-10.886052785008587,-1.0886052785008589
14.71813839653751,8.198048119439363,0.8198048119439364
14.724590890354493,-1.636103944955039,-0.1636103944955039
14.731043384171475,0.3738067966539802,0.03738067966539802
14.737495877988458,1.3228221400506754,0.13228221400506754
14.743948371805441,-12.70379012868284,-1.2703790128682841
14.750400865622423,7.489216417884791,0.7489216417884791
14.756853359439406,-11.835264379150203,-1.1835264379150203
14.763305853256389,-4.935809650320834,-0.4935809650320835
14.769758347073372,5.458304350052913,0.5458304350052913
14.776210840890354,-5.659947639194797,-0.5659947639194798
14.782663334707337,6.696235102922856,0.6696235102922856
14.78911582852432,-8.33256573188578,-0.8332565731885779
14.795568322341301,6.309966561677129,0.6309966561677129
14.802020816158285,4.926424365698722,0.4926424365698722
14.808473309975268,-4.216991625268065,-0.4216991625268065
14.814925803792251,3.7617449315118847,0.3761744931511885
14.821378297609233,-12.214952399878939,-1.221495239987894
14.827830791426216,7.19303410561065,0.7193034105610651
14.834283285243199,-12.975442481458458,-1.297544248145846
14.84073577906018,-0.5721093658059999,-0.057210936580599996
14.847188272877164,-3.9006769539882953,-0.3900676953988296
14.853640766694147,2.7489260802828994,0.27489260802828996
14.860093260511128,6.587107176275595,0.6587107176275595
14.866545754328111,-7.82118824077088,-0.782118824077088
14.872998248145095,2.041504018688329,0.2041504018688329
14.879450741962078,-13.475422734625909,-1.347542273462591
14.88590323577906,5.956303046183848,0.5956303046183848
14.892355729596042,-9.240571078420544,-0.9240571078420544
14.898808223413026,5.358684032905558,0.5358684032905557
14.905260717230007,-8.55780629596211,-0.8557806295962109
14.91171321104699,-4.773609827781229,-0.4773609827781229
14.918165704863974,-1.290077952065758,-0.1290077952065758
14.924618198680957,-8.032752856705656,-0.8032752856705656
14.931070692497938,3.315436744695262,0.3315436744695262
14.937523186314921,6.1513018514347095,0.615130185143471
14.943975680131905,-7.331936463452848,-0.7331936463452848
14.950428173948886,0.046067864016322346,0.004606786401632235
14.95688066776587,9.170186741623866,0.9170186741623866
14.963333161582852,-3.414943008194541,-0.34149430081945414
14.969785655399834,-5.166058298695816,-0.5166058298695816
14.976238149216817,7.572882489961557,0.7572882489961558
14.9826906430338,2.2587287320509404,0.22587287320509405
14.989143136850783,-9.446910862827963,-0.9446910862827963
14.995595630667765,3.3912272251998274,0.33912272251998277
15.002048124484748,-0.12185133539992421,-0.012185133539992421
15.008500618301731,5.302500233392038,0.5302500233392039
15.014953112118713,-3.668552193211326,-0.36685521932113263
15.021405605935696,5.111047824595971,0.5111047824595971
15.02785809975268,-6.766622772201799,-0.67666227722018
15.034310593569662,0.33538232715977756,0.03353823271597776
15.040763087386644,-7.621417943131746,-0.7621417943131746
15.047215581203627,2.116639410563721,0.2116639410563721
15.05366807502061,3.2251075243407286,0.3225107524340729
15.060120568837592,4.009248787681599,0.40092487876815996
15.066573062654575,1.5922310874132108,0.1592231087413211
15.073025556471558,-8.763876311521017,-0.8763876311521017
15.079478050288541,0.9856238264949297,0.09856238264949298
15.085930544105523,-6.161537420878403,-0.6161537420878404
15.092383037922506,2.581758441034026,0.2581758441034026
15.09883553173949,-6.253011156316006,-0.6253011156316006
15.10528802555647,-0.792465996094279,-0.07924659960942791
15.111740519373454,-8.351411167076321,-0.8351411167076321
15.118193013190437,1.0657289543594288,0.1065728954359429
15.124645507007418,0.8322570915308916,0.08322570915308916
15.131098000824402,-0.08013223089506027,-0.008013223089506027
15.137550494641385,1.1556008397546975,0.11556008397546975
15.144002988458368,-4.211186112130463,-0.4211186112130463
15.15045548227535,0.36811257038175427,0.03681125703817543
15.156907976092333,-3.5761556068293885,-0.35761556068293887
15.163360469909316,-10.583814744574738,-1.0583814744574738
15.169812963726297,-4.769932381014996,-0.47699323810149963
15.17626545754328,-11.907889186678403,-1.1907889186678404
15.182717951360264,-2.670818751636716,-0.2670818751636716
15.189170445177247,-12.179379837806437,-1.2179379837806437
15.195622938994228,-11.736745875962015,-1.1736745875962016
15.202075432811212,-8.005311151433034,-0.8005311151433034
15.208527926628195,-14.387098464416567,-1.4387098464416568
15.214980420445176,-10.752565760722291,-1.0752565760722292
15.22143291426216,-10.345811967429881,-1.034581196742988
15.227885408079143,-11.75605163354362,-1.175605163354362
15.234337901896124,-7.009292684000457,-0.7009292684000457
15.240790395713107,-7.445824822189252,-0.7445824822189252
15.24724288953009,-9.722811380895564,-0.9722811380895564
15.253695383347074,-6.215963970947541,-0.6215963970947542
15.260147877164055,-5.3806659568492705,-0.5380665956849271
15.266600370981038,-5.756758467851114,-0.5756758467851114
15.273052864798021,-4.104398729181639,-0.410439872918164
15.279505358615003,-5.6406389155770285,-0.5640638915577029
15.285957852431986,-9.752093170811122,-0.9752093170811122
15.29241034624897,-9.924439394563024,-0.9924439394563024
15.298862840065953,-7.418028190349787,-0.7418028190349788
15.305315333882934,-11.930804237521897,-1.1930804237521897
15.311767827699917,-8.933085518127655,-0.8933085518127655
15.3182203215169,-9.68320377016721,-0.9683203770167211
15.324672815333882,-9.304203855073638,-0.9304203855073638
15.331125309150865,-7.734456587312025,-0.7734456587312025
15.337577802967848,-9.307573225133638,-0.9307573225133638
15.344030296784831,-7.114128011433877,-0.7114128011433878
15.350482790601813,-11.368906575761457,-1.1368906575761457
15.356935284418796,-9.982586805255778,-0.9982586805255779
15.36338777823578,-8.75838968966923,-0.875838968966923
15.36984027205276,-11.550136488484668,-1.1550136488484668
15.376292765869744,-11.852000412306552,-1.1852000412306551
15.382745259686727,-9.905506589556126,-0.9905506589556126
15.389197753503709,-11.216026937742527,-1.1216026937742527
15.395650247320692,-12.208202601345192,-1.2208202601345193
15.402102741137675,-13.143618488498078,-1.314361848849808
15.408555234954658,-13.936049896044779,-1.393604989604478
15.41500772877164,-14.642502021444443,-1.4642502021444443
15.421460222588623,-12.764681246633018,-1.2764681246633018
15.427912716405606,-14.794015282256396,-1.4794015282256396
15.434365210222587,-13.286846937342716,-1.3286846937342718
15.44081770403957,-15.497259613681763,-1.5497259613681764
15.447270197856554,-14.98872010916466,-1.4988720109164662
15.453722691673537,-15.03778939072231,-1.5037789390722311
15.460175185490519,-14.888835845816402,-1.4888835845816404
15.466627679307502,-14.867150944987316,-1.4867150944987317
15.473080173124485,-14.749373851673909,-1.474937385167391
15.479532666941466,-15.287135519816502,-1.5287135519816504
15.48598516075845,-14.76967213621424,-1.476967213621424
15.492437654575433,-14.899211497394617,-1.4899211497394618
15.498890148392416,-15.014473196098834,-1.5014473196098834
15.505342642209397,-15.0815446626425,-1.50815446626425
15.51179513602638,-15.212372000155483,-1.5212372000155483
15.518247629843364,-16.00753592692263,-1.600753592692263
15.524700123660345,-16.27266566004255,-1.627266566004255
15.531152617477328,-15.913296106799407,-1.5913296106799408
15.537605111294312,-15.683883601990374,-1.5683883601990374
15.544057605111293,-15.532669760767021,-1.5532669760767022
15.550510098928276,-14.435739406038692,-1.4435739406038692
15.55696259274526,-14.19559044604489,-1.419559044604489
15.563415086562243,-13.806476477646129,-1.380647647764613
15.569867580379224,-12.792430869376176,-1.2792430869376177
15.576320074196207,-12.74160710326646,-1.2741607103266461
15.58277256801319,-12.671861471375223,-1.2671861471375223
15.589225061830172,-12.06299559666354,-1.2062995596663542
15.595677555647155,-11.609805508436466,-1.1609805508436466
15.602130049464138,-9.984445972819458,-0.9984445972819458
15.608582543281122,-9.358265416352424,-0.9358265416352425
15.615035037098103,-9.808164642288602,-0.9808164642288603
15.621487530915086,-9.681876358032014,-0.9681876358032014
15.62794002473207,-10.29315619536601,-1.029315619536601
15.63439251854905,-11.636160455977688,-1.1636160455977689
15.640845012366034,-12.297187355993401,-1.2297187355993402
15.647297506183017,-13.052642867505028,-1.3052642867505029
